molecule_chembl_id,canonical_smiles,standard_value,class
CHEMBL1771409,Cc1cc(N/N=C/c2ccc(O)c(O)c2)nc2ccccc12,13200.0,inactive
CHEMBL1771411,Cc1cc(N/N=C/c2ccncc2)nc2ccccc12,4100.0,inactive
CHEMBL1933288,C[C@@H]1CCNC(=O)c2cc3ccc(C(=O)Nc4nc5ccccc5n4CCCN(C)C)cc3n21,16.0,active
CHEMBL2012582,COc1cc(C(=O)N2CCC(N3CCN(C)CC3)CC2)ccc1Nc1ncc2c(n1)N(C)c1ccccc1C(=O)N2C,13.0,active
CHEMBL509032,COc1cc(N2CCC(N3CCN(C)CC3)CC2)ccc1Nc1ncc(Cl)c(Nc2ccccc2S(=O)(=O)C(C)C)n1,7.8,active
CHEMBL2170016,CNc1nc(Nc2ccc(C(=O)N3CCOCC3)cc2OC)ncc1Cl,95.9,active
CHEMBL2178141,CCNc1nc(Nc2cc3c(cc2OC)C(=O)N(CC(C)(C)O)C3)ncc1C(F)(F)F,22.0,active
CHEMBL2178140,CCNc1nc(Nc2cc(F)c(C(=O)NCC(C)(C)O)cc2OC)ncc1C(F)(F)F,10.0,active
CHEMBL2178139,CNc1nc(Nc2cnc(C3CCOCC3)cc2OC)ncc1C(F)(F)F,51.0,active
CHEMBL2178138,CCNc1nc(Nc2cnc(C(=O)N3CCOCC3)cc2OC)ncc1C(F)(F)F,17.0,active
CHEMBL2178137,CNc1nc(Nc2cc(F)c(S(C)(=O)=O)cc2OC)ncc1C(F)(F)F,27.0,active
CHEMBL2178136,CNc1nc(Nc2ccc(-c3nnnn3C)cc2Cl)ncc1C(F)(F)F,100.0,active
CHEMBL2178135,COc1cc(C(=O)N2CCOCC2)c(F)cc1Nc1ncc(C(F)(F)F)c(NC2CC2)n1,4.0,active
CHEMBL2178134,CCNc1nc(Nc2cc(F)c(C(=O)N3CCOCC3)cc2OC)ncc1C(F)(F)F,9.0,active
CHEMBL2178133,CNc1nc(Nc2cc(F)c(C(=O)N3CCOCC3)cc2OC)ncc1C(F)(F)F,16.0,active
CHEMBL2178132,CNc1nc(Nc2ccc(C(=O)N3CCOCC3)c(F)c2OC)ncc1C(F)(F)F,35.0,active
CHEMBL2178131,CNc1nc(Nc2cc(OC)c(C(=O)N3CCOCC3)cc2F)ncc1C(F)(F)F,63.0,active
CHEMBL2178130,CNc1nc(Nc2cc(C)c(C(=O)N3CCOCC3)cc2OC)ncc1C(F)(F)F,11.0,active
CHEMBL2178129,CNc1nc(Nc2cc(C)c(C(=O)N3CCOCC3)cc2Cl)ncc1C(F)(F)F,43.0,active
CHEMBL2178127,CCNc1nc(Nc2cc(OC)c(C(=O)N3CCOCC3)cc2Cl)ncc1C(F)(F)F,27.0,active
CHEMBL2178126,CNc1nc(Nc2cc(OC)c(C(=O)N3CCOCC3)cc2Cl)ncc1C(F)(F)F,24.0,active
CHEMBL2178125,CNc1nc(Nc2cc(OC)c(C(=O)N3CCOCC3)cc2OC)ncc1C(F)(F)F,21.0,active
CHEMBL2178124,CNc1nc(Nc2cc(Cl)c(C(=O)N3CCOCC3)cc2OC)ncc1C(F)(F)F,7.0,active
CHEMBL2171745,CNc1nc(Nc2ccc(C(=O)N3CCOCC3)cc2OC)ncc1C(F)(F)F,9.0,active
CHEMBL2171746,CNc1nc(Nc2ccc(C(=O)N3CCOCC3)cc2OC)ncc1C#N,105.0,intermediate
CHEMBL2171744,CNc1nc(Nc2ccc(C(=O)N3CCOCC3)cc2OC)ncc1F,418.0,inactive
CHEMBL2178123,COc1cc(C(=O)N2CCOCC2)ccc1Nc1ncc(Br)c(OC)n1,53.0,active
CHEMBL2171743,CNc1nc(Nc2ccc(C(=O)N3CCOCC3)cc2OC)ncc1Br,13.0,active
CHEMBL2178142,COc1cc(C(=O)N2CCOCC2)ccc1Nc1ncc(Cl)c(OC)n1,69.0,active
CHEMBL2204495,O=C(Nc1cccnc1)c1cc(-c2ccnc(F)c2)ccc1OCc1ccccc1,61.3,active
CHEMBL2326726,CNc1nc(Nc2cnn(CC(C)(C)O)c2Cl)ncc1C(F)(F)F,28.0,active
CHEMBL2326715,CNc1nc(Nc2cnn(C)c2Cl)ncc1C(F)(F)F,39.0,active
CHEMBL2326714,CNc1nc(Nc2cnn(C)c2C)ncc1C(F)(F)F,41.0,active
CHEMBL2326713,CNc1nc(Nc2cn(C)nc2C)ncc1C(F)(F)F,52.0,active
CHEMBL2326712,CNc1nc(Nc2cnn(C)c2)ncc1C(F)(F)F,99.0,active
CHEMBL2326711,CNc1nc(Nc2ccnn2C)ncc1C(F)(F)F,130.0,intermediate
CHEMBL2326710,CNc1nc(Nc2ccn(C)n2)ncc1C(F)(F)F,170.0,intermediate
CHEMBL2333124,Cc1c(-c2ccncc2)ccc2c(NC(C)C)c(C(N)=O)nnc12,2512.0,inactive
CHEMBL2333123,CNC(=O)c1nnc2cc(-c3ccc(S(C)(=O)=O)cc3)ccc2c1N[C@H](C)C1CC1,247.0,intermediate
CHEMBL2333122,CNC(=O)c1nnc2cc(-c3ccc(S(C)(=O)=O)cc3)ccc2c1NC(C)C,418.0,inactive
CHEMBL2333121,CC(C)Nc1c(C(N)=O)nnc2cc(-c3cnsc3)ccc12,20.0,active
CHEMBL2333120,CC(C)Nc1c(C(N)=O)nnc2cc(N3CCOCC3)ccc12,12.0,active
CHEMBL2333119,CC(C)Nc1c(C(N)=O)nnc2cc(N3CCN(C)CC3)ccc12,59.0,active
CHEMBL2333118,CC(C)Nc1c(C(N)=O)nnc2cc(-c3cnn(C)c3)ccc12,12.0,active
CHEMBL2333117,CC(C)Nc1c(C(N)=O)nnc2ccc(-c3cnn(C)c3)cc12,425.0,inactive
CHEMBL2333116,CC(C)Nc1c(C(N)=O)nnc2cc(-c3cn[nH]c3)ccc12,18.0,active
CHEMBL2333115,CC(C)Nc1c(C(N)=O)nnc2ccc(-c3cn[nH]c3)cc12,5.0,active
CHEMBL2333114,CC(C)Nc1c(C(N)=O)nnc2ccc(-c3ccncc3)cc12,66.0,active
CHEMBL2333113,C[C@@H](Nc1c(C(N)=O)nnc2cc(-c3ccncc3)ccc12)C1CC1,6.0,active
CHEMBL2333112,CC(C)Nc1c(C(N)=O)nnc2cc(-c3ccncc3)ccc12,16.0,active
CHEMBL2333139,NC(=O)c1nnc2cc(-c3ccncc3)ccc2c1NCCO,264.0,intermediate
CHEMBL2333138,NC(=O)c1nnc2cc(-c3ccncc3)ccc2c1NCCCO,162.0,intermediate
CHEMBL2333137,C[C@@H](Nc1c(C(N)=O)nnc2cc(-c3ccc(S(C)(=O)=O)cc3)ccc12)c1ccccc1,1495.0,inactive
CHEMBL2333136,CS(=O)(=O)c1ccc(-c2ccc3c(N)c(C(N)=O)nnc3c2)cc1,298.0,intermediate
CHEMBL2333135,CNc1c(C(N)=O)nnc2cc(-c3ccc(S(C)(=O)=O)cc3)ccc12,56.0,active
CHEMBL2333134,CS(=O)(=O)c1ccc(-c2ccc3c(NC4CCOC4)c(C(N)=O)nnc3c2)cc1,53.0,active
CHEMBL2333133,CS(=O)(=O)c1ccc(-c2ccc3c(NC4CC4)c(C(N)=O)nnc3c2)cc1,52.0,active
CHEMBL2333132,CS(=O)(=O)c1ccc(-c2ccc3c(NC4CCOCC4)c(C(N)=O)nnc3c2)cc1,32.0,active
CHEMBL2333131,CCNc1c(C(N)=O)nnc2cc(-c3ccc(S(C)(=O)=O)cc3)ccc12,55.0,active
CHEMBL2333130,CS(=O)(=O)c1ccc(-c2ccc3c(NCC4CC4)c(C(N)=O)nnc3c2)cc1,27.0,active
CHEMBL2333129,CS(=O)(=O)c1ccc(-c2ccc3c(NC4CCC4)c(C(N)=O)nnc3c2)cc1,19.0,active
CHEMBL2333128,C[C@@H](Nc1c(C(N)=O)nnc2cc(-c3ccc(S(C)(=O)=O)cc3)ccc12)C1CC1,7.0,active
CHEMBL2333127,CC[C@@H](C)Nc1c(C(N)=O)nnc2cc(-c3ccc(S(C)(=O)=O)cc3)ccc12,4.0,active
CHEMBL2333126,CC(C)Nc1c(C(N)=O)nnc2cc(-c3ccc(S(C)(=O)=O)cc3)ccc12,27.0,active
CHEMBL2333125,CC(C)Nc1c(C(N)=O)cnc2cc(-c3ccc(S(C)(=O)=O)cc3)ccc12,35.0,active
CHEMBL250364,CS(=O)(=O)c1ccc(-c2ccc3c(Nc4ccccc4)c(C(N)=O)cnc3c2)cc1,781.0,inactive
CHEMBL2347818,C[C@@H](Nc1c(C#N)cnc2cc(-c3ccc(-n4ccoc4=O)cc3)ccc12)C1CC1,27.0,active
CHEMBL2347817,C[C@@H](Nc1c(C#N)cnc2cc(-c3ccc(S(C)(=O)=O)cc3)ccc12)C1CC1,39.0,active
CHEMBL2347816,CC(=O)N(C)c1c(C#N)cnc2cc(-c3ccc(S(C)(=O)=O)cc3)ccc12,1177.0,inactive
CHEMBL2347815,CS(=O)(=O)c1ccc(-c2ccc3c(-n4ccnc4)c(C#N)cnc3c2)cc1,498.0,inactive
CHEMBL2347814,CN(c1ccccc1)c1c(C#N)cnc2cc(-c3ccc(S(C)(=O)=O)cc3)ccc12,278.0,intermediate
CHEMBL2347813,CN1CCN(c2c(C#N)cnc3cc(-c4ccc(S(C)(=O)=O)cc4)ccc23)CC1,120.0,intermediate
CHEMBL2347812,CS(=O)(=O)c1ccc(-c2ccc3c(N4CCCCC4)c(C#N)cnc3c2)cc1,59.0,active
CHEMBL2347811,CN(C)c1c(C#N)cnc2cc(-c3ccc(S(C)(=O)=O)cc3)ccc12,27.0,active
CHEMBL2347810,CS(=O)(=O)c1ccc(-c2ccc3c(N4CCC4)c(C#N)cnc3c2)cc1,14.0,active
CHEMBL2347809,Cn1cc(-c2ccc3c(N4CCC4)c(C#N)cnc3c2)cn1,13.0,active
CHEMBL2347808,CC(C)Nc1c(C#N)cnc2ccccc12,288.0,intermediate
CHEMBL2347807,CC(C)Nc1c(C#N)cnc2cc(-c3ccc(Cl)s3)ccc12,65.0,active
CHEMBL2347806,CC(C)Nc1c(C#N)cnc2cc(-c3ccc(S(C)(=O)=O)nc3)ccc12,48.0,active
CHEMBL2347805,CC(C)Nc1c(C#N)cnc2cc(-c3ccc(S(=O)(=O)N(C)C)cc3)ccc12,28.0,active
CHEMBL2347804,CC(C)Nc1c(C#N)cnc2cc(-c3ccc(S(=O)(=O)N4CCCC4)cc3)ccc12,19.0,active
CHEMBL2347827,Cc1ncc(-c2ccc3c(NC(C)C)c(C#N)cnc3c2)s1,16.0,active
CHEMBL2347826,CC(C)Nc1c(C#N)cnc2cc(-c3ccc(S(=O)(=O)N4CCOCC4)cc3)ccc12,10.0,active
CHEMBL2347825,CNS(=O)(=O)c1ccc(-c2ccc3c(NC(C)C)c(C#N)cnc3c2)cc1,6.0,active
CHEMBL2347824,CC(C)Nc1c(C#N)cnc2cc(-c3cnn(C)c3)ccc12,5.0,active
CHEMBL2347823,CC(C)Nc1c(C#N)cnc2cc(-c3ccc(S(C)(=O)=O)cc3)ccc12,28.0,active
CHEMBL2347822,CC(C)Nc1c(-c2cnn(C)c2)cnc2cc(-c3ccc(S(C)(=O)=O)cc3)ccc12,2229.0,inactive
CHEMBL2347821,CC(C)Nc1c(C2=NCCN2)cnc2cc(-c3ccc(S(C)(=O)=O)cc3)ccc12,88597.0,inactive
CHEMBL2347820,CC(C)Nc1c(-c2nccs2)cnc2cc(-c3ccc(S(C)(=O)=O)cc3)ccc12,2893.0,inactive
CHEMBL2347819,CC(=O)c1cnc2cc(-c3ccc(S(C)(=O)=O)cc3)ccc2c1NC(C)C,71.0,active
CHEMBL2348971,CC(Sc1ccc2nnc(-c3cccs3)n2n1)C(N)=O,3032.0,inactive
CHEMBL2348966,CC(C)(C)c1cccc(Sc2ccc3nnc(-c4cncs4)n3n2)c1,1393.0,inactive
CHEMBL2348963,Clc1cccc(Sc2ccc3nnc(-c4cncs4)n3n2)c1,1397.0,inactive
CHEMBL2348962,Brc1cccc(Sc2ccc3nnc(-c4cncs4)n3n2)c1,683.0,inactive
CHEMBL2348947,FC(F)(F)c1cccc(Sc2ccc3nnc(-c4cscn4)n3n2)c1,2112.0,inactive
CHEMBL2348946,FC(F)(F)c1cccc(Sc2ccc3nnc(-c4nccs4)n3n2)c1,1727.0,inactive
CHEMBL2348945,FC(F)(F)c1cccc(Sc2ccc3nnc(-c4cncs4)n3n2)c1,780.0,inactive
CHEMBL2348944,FC(F)(F)c1cccc(Sc2ccc3nnc(-c4ccn[nH]4)n3n2)c1,1016.0,inactive
CHEMBL2348938,FC(F)(F)c1cccc(Sc2ccc3nnc(-c4cccs4)n3n2)c1,1656.0,inactive
CHEMBL2349092,O=S(=O)(c1cccc(C(F)(F)F)c1)c1ccc2nnc(-c3ccccc3)n2n1,2270.0,inactive
CHEMBL2349091,[O-][S+](c1cccc(C(F)(F)F)c1)c1ccc2nnc(-c3ccccc3)n2n1,1230.0,inactive
CHEMBL2349090,N#CC(c1cccc(C(F)(F)F)c1)c1ccc2nnc(-c3ccccc3)n2n1,18000.0,inactive
CHEMBL2349089,O=C(c1cccc(C(F)(F)F)c1)c1ccc2nnc(-c3ccccc3)n2n1,4570.0,inactive
CHEMBL2348984,FC(F)(F)c1cccc(Nc2ccc3nnc(-c4ccccc4)n3n2)c1,100000.0,inactive
CHEMBL2348983,FC(F)(F)c1cccc(Oc2ccc3nnc(-c4ccccc4)n3n2)c1,1555.0,inactive
CHEMBL2348982,CCOC(=O)c1cc(Sc2cccc(C(F)(F)F)c2)nn2c(-c3cccs3)nnc12,100000.0,inactive
CHEMBL2348981,CCOC(=O)C(C)Sc1nn2c(-c3ccccc3)nnc2cc1-c1ccccc1,100000.0,inactive
CHEMBL2348980,Cc1cc(Sc2cccc(C(F)(F)F)c2)nn2c(-c3cccs3)nnc12,4000.0,inactive
CHEMBL2348979,Cc1cc2nnc(-c3cccs3)n2nc1Sc1cccc(C(F)(F)F)c1,2068.0,inactive
CHEMBL2348978,CC(Sc1ccc2nnc(-c3cccc(Cl)c3)n2n1)c1ccn[nH]1,798.0,inactive
CHEMBL2348977,CC(Sc1ccc2nnc(-c3cccs3)n2n1)c1nnco1,162.0,intermediate
CHEMBL2348976,CC(C)(Sc1ccc2nnc(-c3cccs3)n2n1)C(N)=O,3117.0,inactive
CHEMBL2348975,CC(C)C(Sc1ccc2nnc(-c3cccs3)n2n1)C(N)=O,581.0,inactive
CHEMBL2348974,CCC(Sc1ccc2nnc(-c3cccs3)n2n1)C(=O)OC,167.0,intermediate
CHEMBL2348973,COC(=O)[C@@H](C)Sc1ccc2nnc(-c3cccs3)n2n1,187.0,intermediate
CHEMBL2348972,COC(=O)[C@H](C)Sc1ccc2nnc(-c3cccs3)n2n1,215.0,intermediate
CHEMBL2348970,c1ccc(Sc2ccc3nnc(-c4cncs4)n3n2)cc1,141.0,intermediate
CHEMBL2348969,FC(F)(F)c1ccnc(Sc2ccc3nnc(-c4cncs4)n3n2)n1,33.0,active
CHEMBL2348968,c1cnc(Sc2ccc3nnc(-c4cncs4)n3n2)nc1,101.0,intermediate
CHEMBL2348967,FC(F)(F)Oc1cccc(Sc2ccc3nnc(-c4cncs4)n3n2)c1,67.0,active
CHEMBL2348965,COc1cccc(Sc2ccc3nnc(-c4cncs4)n3n2)c1,26.0,active
CHEMBL2348964,Fc1cccc(Sc2ccc3nnc(-c4cncs4)n3n2)c1,77.0,active
CHEMBL2348961,FC(F)(F)c1ccccc1Sc1ccc2nnc(-c3ccccc3)n2n1,2470.0,inactive
CHEMBL2348960,FC(F)(F)c1ccc(Sc2ccc3nnc(-c4ccccc4)n3n2)cc1,2026.0,inactive
CHEMBL2348959,FC(F)(F)c1cccc(Sc2ccc3nnc(Cc4cccs4)n3n2)c1,19542.0,inactive
CHEMBL2348958,FC(F)(F)c1cccc(Sc2ccc3nnc(C4CCNCC4)n3n2)c1,22128.0,inactive
CHEMBL2348957,FC(F)(F)c1cccc(Sc2ccc3nnc(C4CCOCC4)n3n2)c1,2020.0,inactive
CHEMBL2346687,FC(F)(F)c1cccc(Sc2ccc3nnc(C4CCCC4)n3n2)c1,511.0,inactive
CHEMBL2348956,FC(F)(F)c1cccc(Sc2ccc3nnc(C4CC4)n3n2)c1,309.0,inactive
CHEMBL2348955,Fc1ccc(-c2nnc3ccc(Sc4cccc(C(F)(F)F)c4)nn23)cc1,179.0,intermediate
CHEMBL2348954,FC(F)(F)c1cccc(Sc2ccc3nnc(-c4cccc(N5CCNCC5)c4)n3n2)c1,55.0,active
CHEMBL2348953,FC(F)(F)c1cccc(Sc2ccc3nnc(-c4cccc(Cl)c4)n3n2)c1,51.0,active
CHEMBL2348952,FC(F)(F)c1cccc(Sc2ccc3nnc(-c4ccccc4Cl)n3n2)c1,1023.0,inactive
CHEMBL2348951,FC(F)(F)c1cccc(Sc2ccc3nnc(-c4ccncc4)n3n2)c1,253.0,intermediate
CHEMBL2348950,FC(F)(F)c1cccc(Sc2ccc3nnc(-c4cccnc4)n3n2)c1,64.0,active
CHEMBL2348949,FC(F)(F)c1cccc(Sc2ccc3nnc(-c4ccccn4)n3n2)c1,45.0,active
CHEMBL2348948,FC(F)(F)c1cccc(Sc2ccc3nnc(-c4sccc4Br)n3n2)c1,134.0,intermediate
CHEMBL2348943,COC(=O)C(C)Sc1ccc2ncc(-c3cccs3)n2n1,10.0,active
CHEMBL2348942,FC(F)(F)c1cccc(Sc2cn3c(-c4cccs4)cnc3cn2)c1,2168.0,inactive
CHEMBL2348941,FC(F)(F)c1cccc(Sc2ccc3ncc(-c4cccs4)n3c2)c1,1313.0,inactive
CHEMBL2348940,FC(F)(F)c1cccc(Sc2ccc3cnc(-c4cccs4)n3n2)c1,7270.0,inactive
CHEMBL2348939,FC(F)(F)c1cccc(Sc2ccc3ncc(-c4cccs4)n3n2)c1,47.0,active
CHEMBL2348937,COC(=O)C(C)Sc1ccc2nnc(-c3cccs3)n2n1,200.0,intermediate
CHEMBL2348936,FC(F)(F)c1cccc(Sc2ccc3nnc(-c4ccccc4)n3n2)c1,50.0,active
CHEMBL2397014,COc1cc(N2CCOCC2)ccc1Nc1ncc(F)c(Nc2ccccc2NS(C)(=O)=O)n1,7.0,active
CHEMBL2397013,CS(=O)(=O)O.O=C1Nc2ccc(-c3cccnc3)cc2/C1=C/c1ccc[nH]1,22.0,active
CHEMBL406821,Cc1cncc2cccc(S(=O)(=O)N3CCCNC[C@@H]3C)c12,244.0,intermediate
CHEMBL535,CCN(CC)CCNC(=O)c1c(C)[nH]c(/C=C2\C(=O)Nc3ccc(F)cc32)c1C,15.0,active
CHEMBL388978,CN[C@@H]1C[C@H]2O[C@@](C)([C@@H]1OC)n1c3ccccc3c3c4c(c5c6ccccc6n2c5c31)C(=O)NC4,1.0,active
CHEMBL2403364,COc1ccc2c(c1)/C(=C/c1cc3c([nH]1)CCN(C(=O)N1CCOCC1)C3)C(=O)N2C,150.0,intermediate
CHEMBL2403378,CC(=O)N1CCc2[nH]c(/C=C3\C(=O)Nc4ccc([N+](=O)[O-])cc43)cc2C1,3.0,active
CHEMBL2403377,CC(=O)N1CCc2[nH]c(/C=C3\C(=O)Nc4ccc(C#N)cc43)cc2C1,7.0,active
CHEMBL2403376,CC(=O)N1CCc2[nH]c(/C=C3\C(=O)Nc4ccc(C(F)(F)F)cc43)cc2C1,31.0,active
CHEMBL2403375,CC(=O)N1CCc2[nH]c(/C=C3\C(=O)Nc4ccc(OC(C)C)cc43)cc2C1,4.0,active
CHEMBL2403374,CC(=O)Nc1ccc2c(c1)/C(=C/c1cc3c([nH]1)CCN(C(=O)N1CCOCC1)C3)C(=O)N2,4.0,active
CHEMBL2403373,CN1CCC(Nc2ccc3c(c2)/C(=C/c2cc4c([nH]2)CCN(C(=O)N2CCOCC2)C4)C(=O)N3)CC1,3.0,active
CHEMBL2403372,O=C1Nc2ccc(C(F)(F)F)cc2/C1=C/c1cc2c([nH]1)CCN(C(=O)N1CCOCC1)C2,3.0,active
CHEMBL2403371,COc1ccc2c(c1)/C(=C/c1[nH]c3c(c1Cl)CN(C(C)=O)CC3)C(=O)N2,8.0,active
CHEMBL2403370,COc1ccc2c(c1)/C(=C/c1cc3c([nH]1)CCN(C(=O)N1CCOCC1)C3)C(=O)N2,3.0,active
CHEMBL2403369,COc1ccc2c(c1)/C(=C/c1cc3c([nH]1)CCN(C(=O)N1CCN(C)CC1)C3)C(=O)N2,9.0,active
CHEMBL2403368,COc1ccc2c(c1)/C(=C/c1cc3c([nH]1)CCN(C(=O)c1cnoc1C)C3)C(=O)N2,7.0,active
CHEMBL2403367,COc1ccc2c(c1)/C(=C/c1cc3c([nH]1)CCN(C(C)=O)C3)C(=O)N2,14.0,active
CHEMBL2403366,COc1ccc2c(c1)/C(=C/c1cc3c([nH]1)CCN(C(=O)CCN)C3)C(=O)N2,11.0,active
CHEMBL2403365,COc1ccc2c(c1)/C(=C/c1[nH]c(C)c(C(=O)NCCCN)c1C)C(=O)N2,46.0,active
CHEMBL2436979,COc1cc(-c2cnc3[nH]c(=O)n(-c4ccc5[nH]ccc5c4)c3n2)cc(OC)c1OC,2970.0,inactive
CHEMBL2436981,Nc1ccc(-c2cnc3[nH]cc(-c4ccc5[nH]ccc5c4)c3c2)cn1,46.0,active
CHEMBL2436980,COc1cc(-c2cnc3[nH]cc(-c4ccc5[nH]ccc5c4)c3c2)cc(OC)c1OC,35.0,active
CHEMBL2436978,CN1CCN(Cc2ccc(-c3cnc4[nH]cc(-c5ccc6[nH]ccc6c5)c4c3)cc2)CC1,11.0,active
CHEMBL2436982,COc1cc(-c2cnc3[nH]cc(-c4ccc(N)nc4)c3c2)cc(OC)c1OC,5.0,active
CHEMBL2441273,CCc1ccc2nc(Nc3cc(Cc4ccccc4)nc(N[C@H]4CC[C@H](O)CC4)n3)sc2c1,398.11,inactive
CHEMBL3122117,CNc1nc(Nc2cnn([C@H]3CCN(C4COC4)C[C@@H]3F)c2Cl)ncc1C(F)(F)F,18.7,active
CHEMBL3122116,CNc1nc(Nc2cn([C@H]3CCN(C4COC4)C[C@H]3F)nc2C)ncc1C(F)(F)F,14.0,active
CHEMBL3122122,CNc1nc(Nc2cnn(C3CCN(C4COC4)CC3)c2C)ncc1C(F)(F)F,20.0,active
CHEMBL3122121,CNc1nc(Nc2cnn(C3CCOCC3)c2C)ncc1C(F)(F)F,11.0,active
CHEMBL3122120,CNc1nc(Nc2cnn(C3COC3)c2C)ncc1C(F)(F)F,29.0,active
CHEMBL3122118,CNc1nc(Nc2cnn(C3(C#N)CC3)c2Cl)ncc1C(F)(F)F,22.0,active
CHEMBL3122115,CNc1nc(Nc2cn(C3(C#N)CC3)nc2C)ncc1C(F)(F)F,30.0,active
CHEMBL3122114,CNc1nc(Nc2cnn(C(C)(C)C#N)c2C)ncc1C(F)(F)F,5.0,active
CHEMBL3122113,CNc1nc(Nc2cn(C(C)(C)C#N)nc2C)ncc1C(F)(F)F,3.0,active
CHEMBL3122112,CNc1nc(Nc2cn(C(C)(C)C(=O)NCC(F)(F)F)nc2C)ncc1C(F)(F)F,53.0,active
CHEMBL3122111,CNc1nc(Nc2cn(C(C)(C)C(=O)NC(C)C)nc2C)ncc1C(F)(F)F,140.0,intermediate
CHEMBL3122110,CCNC(=O)C(C)(C)n1cc(Nc2ncc(C(F)(F)F)c(NC)n2)c(C)n1,99.0,active
CHEMBL3122109,CNC(=O)C(C)(C)n1cc(Nc2ncc(C(F)(F)F)c(NC)n2)c(C)n1,36.0,active
CHEMBL3122108,CNc1nc(Nc2cnn3c2C(C)OCC3)ncc1C(F)(F)F,42.0,active
CHEMBL3122107,CNc1nc(Nc2cnn3c2C(C)O[C@@H](C)C3)ncc1C(F)(F)F,49.0,active
CHEMBL3122106,CNc1nc(Nc2cnn3c2COCC3)ncc1C(F)(F)F,18.0,active
CHEMBL3122105,CNc1nc(Nc2cnn3c2COC(C)(C)C3)ncc1C(F)(F)F,20.0,active
CHEMBL3326137,COc1ccc(OC)c(Oc2ccc3nnc(-c4ccccc4)n3n2)c1,1740.0,inactive
CHEMBL3326134,Cn1cc(-c2nnc3ccc(Sc4cc(Cl)ccc4Cl)nn23)cn1,1800.0,inactive
CHEMBL3326133,COc1ccc(Cl)cc1Sc1ccc2nnc(-c3cnn(C)c3)n2n1,245.0,intermediate
CHEMBL3326132,COc1ccc(C#N)cc1Sc1ccc2nnc(-c3cnn(C)c3)n2n1,2070.0,inactive
CHEMBL3326129,COc1ccc(OC)c(Sc2ccc3nnc(-c4cn(C)nc4C)n3n2)c1,1260.0,inactive
CHEMBL3326128,COc1ccc(OC)c(Sc2ccc3nnc(-c4cnn(C)c4)n3n2)c1,387.0,inactive
CHEMBL3326127,COc1ccc(OC)c(Sc2ccc3nnc(-c4ccn(C)n4)n3n2)c1,2760.0,inactive
CHEMBL3326126,COc1ccc(OC)c(Sc2ccc3nnc(-c4cncs4)n3n2)c1,660.0,inactive
CHEMBL3326125,COc1ccc(OC)c(Sc2ccc3nnc(-c4ccsn4)n3n2)c1,722.0,inactive
CHEMBL3326124,COc1ccc(OC)c(Sc2ccc3nnc(-c4ccon4)n3n2)c1,4330.0,inactive
CHEMBL3326119,COc1cncc(-c2nnc3ccc(Sc4cc(OC)ccc4OC)nn23)c1,440.0,inactive
CHEMBL3326116,COc1ccc(OC)c(Sc2ccc3nnc(-c4cccnc4)n3n2)c1,736.0,inactive
CHEMBL3326115,COc1ccc(OC)c(Sc2ccc3nnc(-c4ccccn4)n3n2)c1,1310.0,inactive
CHEMBL3326114,COc1ccc(OC)c(Sc2ccc3nnc(-c4ccccc4)n3n2)c1,1380.0,inactive
CHEMBL3326153,COc1ccc(OC)c(Sc2ccn3nc(C)c(-c4cnn(C)c4)c3n2)c1,110.0,intermediate
CHEMBL3326152,COc1ccc(OC)c(Sc2ccc3nc(C)c(-c4cnn(C)c4)n3n2)c1,115.0,intermediate
CHEMBL3326151,COc1ccc(OC)c(Sc2ccc3ncc(-c4cnn(C)c4)n3c2)c1,1145.0,inactive
CHEMBL3326150,COc1ccc(OC)c(Sc2ccc3ncn(-c4cnn(C)c4)c3n2)c1,661.0,inactive
CHEMBL3326149,COc1ccc(OC)c(Sc2ccc3nnn(-c4cnn(C)c4)c3n2)c1,525.0,inactive
CHEMBL3326148,COc1ccc(OC)c(Sc2ccn3ncc(-c4cnn(C)c4)c3n2)c1,64.0,active
CHEMBL3326147,COc1ccc(OC)c(Sc2ccc3ncc(-c4cnn(C)c4)n3n2)c1,69.0,active
CHEMBL3326146,COc1ccc(OC)c(Sc2ccc3nnc(-c4cnn(C)c4)n3c2)c1,1461.0,inactive
CHEMBL3326145,COc1ccc(OC)c(Sc2cc(C)c3nnc(-c4cnn(C)c4)n3n2)c1,32000.0,inactive
CHEMBL3326144,COc1ccc(OC)c(Sc2nn3c(-c4cnn(C)c4)nnc3cc2C)c1,32000.0,inactive
CHEMBL3326143,COc1ccc(OC)c(N(C)c2ccc3nnc(-c4cnn(C)c4)n3n2)c1,21858.0,inactive
CHEMBL3326142,COc1ccc(OC)c(C(F)(F)c2ccc3nnc(-c4cnn(C)c4)n3n2)c1,763.0,inactive
CHEMBL3326141,COc1ccc(OC)c(C(=O)c2ccc3nnc(-c4cnn(C)c4)n3n2)c1,1211.0,inactive
CHEMBL3326140,COc1ccc(OC)c(C(O)c2ccc3nnc(-c4cnn(C)c4)n3n2)c1,9124.0,inactive
CHEMBL3326139,COc1ccc(OC)c(Cc2ccc3nnc(-c4cnn(C)c4)n3n2)c1,6202.0,inactive
CHEMBL3326138,COc1ccc(OC)c(Oc2ccc3nnc(-c4cnn(C)c4)n3n2)c1,549.0,inactive
CHEMBL1982880,COc1ccc(OC)c(Nc2ccc3nnc(-c4ccccc4)n3n2)c1,22265.0,inactive
CHEMBL3326136,COc1cc(Sc2ccc3nnc(-c4cnn(C)c4)n3n2)c(OC)nn1,12635.0,inactive
CHEMBL3326135,COc1ccc(C(C)C)cc1Sc1ccc2nnc(-c3cnn(C)c3)n2n1,1350.0,inactive
CHEMBL3326131,COc1cccc(Sc2ccc3nnc(-c4ccccc4)n3n2)c1,2110.0,inactive
CHEMBL3326130,COc1ccccc1Sc1ccc2nnc(-c3ccccc3)n2n1,1070.0,inactive
CHEMBL3326123,COc1ccc(OC)c(Sc2ccc3nnc(Cc4cnn(C)c4)n3n2)c1,32000.0,inactive
CHEMBL3326122,COc1ccc(OC)c(Sc2ccc3nnc(C4CCN(C)C4)n3n2)c1,12600.0,inactive
CHEMBL3326121,COc1ccc(OC)c(Sc2ccc3nnc(C4CCOC4)n3n2)c1,2489.0,inactive
CHEMBL3326120,COc1ccc(OC)c(Sc2ccc3nnc(C4CC4)n3n2)c1,2290.0,inactive
CHEMBL3326118,COc1ccc(OC)c(Sc2ccc3nnc(-c4cnccn4)n3n2)c1,880.0,inactive
CHEMBL3326117,COc1ccc(OC)c(Sc2ccc3nnc(-c4ccncc4)n3n2)c1,349.0,inactive
CHEMBL3335328,O=C1Nc2ccc(Cl)cc2/C1=C\c1cc(F)c(O)c(F)c1,261.0,intermediate
CHEMBL2206014,O=C1Nc2ccc(Cl)cc2/C1=C/c1cc(Br)c(O)c(Br)c1,15.0,active
CHEMBL3335329,O=C1Nc2ccc(Cl)cc2/C1=C\c1ccc(O)cc1,12000.0,inactive
CHEMBL3335330,COc1cc(/C=C2/C(=O)Nc3ccc(Cl)cc32)ccc1OCCN1CCOCC1,163.0,intermediate
CHEMBL3335331,CN(C)CCOc1ccc(/C=C2/C(=O)Nc3ccc(Cl)cc32)cc1,466.0,inactive
CHEMBL3335332,O=C1Nc2ccc(Cl)cc2/C1=C\c1ccccc1,10000.0,inactive
CHEMBL3335333,O=C1Nc2ccc(Cl)cc2/C1=C\c1ccc(OCCN2CCOCC2)cc1,205.0,intermediate
CHEMBL3335335,CC(=O)Nc1ccc(/C=C2/C(=O)Nc3ccc(Cl)cc32)cc1,10000.0,inactive
CHEMBL3335344,O=C1Nc2ccc(-c3ccccc3)cc2/C1=C\c1cc(Br)c(O)c(Br)c1,204.0,intermediate
CHEMBL3335345,COc1ccc2c(c1)/C(=C\c1cc(Br)c(O)c(Br)c1)C(=O)N2,31.0,active
CHEMBL3335349,O=C1Nc2ccc(Cl)cc2/C1=C\c1ccc(O)c(Br)c1,64.0,active
CHEMBL3335348,COc1c(C)cc(/C=C2/C(=O)Nc3ccc(Cl)cc32)cc1C,1500.0,inactive
CHEMBL3335346,Cc1cc(/C=C2/C(=O)Nc3ccc(Cl)cc32)cc(C)c1O,194.0,intermediate
CHEMBL3335347,COc1c(Br)cc(/C=C2/C(=O)Nc3ccc(Cl)cc32)cc1Br,10000.0,inactive
CHEMBL3393604,COc1ccc2c(c1)OCC(C(=O)NC(=O)N(CC(=O)NCCCCCCNC(=O)c1ccc(-c3n[nH]c4ccccc34)cc1)CC(C)C)O2,99.0,active
CHEMBL3393454,N#Cc1cccc(-c2c[nH]c3ncnc(N4CC5COCC5C4)c23)c1,3363.0,inactive
CHEMBL3393453,N#Cc1cccc(-c2c[nH]c3ncnc(N4CC5CCOC5C4)c23)c1,3694.0,inactive
CHEMBL3393449,Cc1nc([C@@H]2CN(c3ncnc4[nH]cc(-c5cccc(C#N)c5)c34)CCO2)no1,133.0,intermediate
CHEMBL3393448,Cc1noc(C2CN(c3ncnc4[nH]cc(-c5cccc(C#N)c5)c34)CCO2)n1,390.0,inactive
CHEMBL3393447,N#Cc1cccc(-c2c[nH]c3ncnc(N4CCOC(c5ccno5)C4)c23)c1,1467.0,inactive
CHEMBL3393446,N#CCC1CN(c2ncnc3[nH]cc(-c4cccc(C#N)c4)c23)CCO1,117.0,intermediate
CHEMBL3393445,N#Cc1cccc(-c2c[nH]c3ncnc(N4CCOC(C#N)C4)c23)c1,1331.0,inactive
CHEMBL3393444,C[C@H]1CN(c2ncnc3[nH]cc(-c4cccc(C#N)c4)c23)CCO1,122.0,intermediate
CHEMBL3393443,C[C@@H]1CN(c2ncnc3[nH]cc(-c4cccc(C#N)c4)c23)CCO1,377.0,inactive
CHEMBL3393441,Cc1cncc(-c2c[nH]c3ncnc(N4CCOCC4)c23)c1,211.0,intermediate
CHEMBL3393440,Cn1ccc(-c2c[nH]c3ncnc(N4CCOCC4)c23)n1,2570.0,inactive
CHEMBL3393439,Cn1cc(-c2c[nH]c3ncnc(N4CCOCC4)c23)cn1,278.0,intermediate
CHEMBL3393359,N#Cc1cccc(-c2c[nH]c3ncnc(N4CCOCC4)c23)n1,298.0,intermediate
CHEMBL3393358,N#Cc1cc(F)cc(-c2c[nH]c3ncnc(N4CCOCC4)c23)c1,2082.0,inactive
CHEMBL3393357,N#Cc1cc(-c2c[nH]c3ncnc(N4CCOCC4)c23)ccc1F,2460.0,inactive
CHEMBL3393356,N#Cc1cccc(-c2c[nH]c3ncnc(N4CCOCC4)c23)c1F,20.0,active
CHEMBL3393355,Clc1cccc(-c2c[nH]c3ncnc(N4CCOCC4)c23)c1,144.0,intermediate
CHEMBL3393354,COc1cccc(-c2c[nH]c3ncnc(N4CCOCC4)c23)c1,882.0,inactive
CHEMBL3393353,c1ccc(-c2c[nH]c3ncnc(N4CCOCC4)c23)cc1,198.0,intermediate
CHEMBL3393348,N#Cc1cccc(-c2c[nH]c3ncnc(N4CCOCC4)c23)c1,25.0,active
CHEMBL3393347,CCN(CC)c1ncnc2[nH]cc(-c3cccc(C#N)c3)c12,443.0,inactive
CHEMBL3393346,CN(C)c1ncnc2[nH]cc(-c3cccc(C#N)c3)c12,89.0,active
CHEMBL3393345,N#Cc1cccc(-c2c[nH]c3ncnc(N4CCC4)c23)c1,7687.0,inactive
CHEMBL3393344,N#Cc1cccc(-c2c[nH]c3ncnc(N4CCCC4)c23)c1,432.0,inactive
CHEMBL3393343,N#Cc1cccc(-c2c[nH]c3ncnc(N4CCCCC4)c23)c1,182.0,intermediate
CHEMBL3393342,C[C@@H]1CCCN(c2ncnc3[nH]cc(-c4cccc(C#N)c4)c23)C1,1579.0,inactive
CHEMBL3393341,C[C@H]1CCCN(c2ncnc3[nH]cc(-c4cccc(C#N)c4)c23)C1,210.0,intermediate
CHEMBL3393442,c1cnc(-c2c[nH]c3ncnc(N4CCOCC4)c23)cn1,1199.0,inactive
CHEMBL3393361,N#Cc1cncc(-c2c[nH]c3ncnc(N4CCOCC4)c23)c1,6599.0,inactive
CHEMBL3393360,N#Cc1cc(-c2c[nH]c3ncnc(N4CCOCC4)c23)ccn1,4514.0,inactive
CHEMBL3393352,COCC1CCCN(c2ncnc3[nH]cc(-c4cccc(C#N)c4)c23)C1,219.0,intermediate
CHEMBL3393351,COC1CCN(c2ncnc3[nH]cc(-c4cccc(C#N)c4)c23)CC1,950.0,inactive
CHEMBL3393350,COC1CCCN(c2ncnc3[nH]cc(-c4cccc(C#N)c4)c23)C1,154.0,intermediate
CHEMBL3393349,CN1CCN(c2ncnc3[nH]cc(-c4cccc(C#N)c4)c23)CC1,5223.0,inactive
CHEMBL3393452,N#Cc1cccc(-c2c[nH]c3ncnc(N4CC5(COC5)C4)c23)c1,2331.0,inactive
CHEMBL3393451,N#Cc1cccc(-c2c[nH]c3ncnc(N4CCCOCC4)c23)c1,111.0,intermediate
CHEMBL3393450,Cc1nc([C@H]2CN(c3ncnc4[nH]cc(-c5cccc(C#N)c5)c34)CCO2)no1,204.0,intermediate
CHEMBL3409458,CN1C(=O)c2ccccc2N(C)c2nc(Nc3ccc(C(=O)N4CCC(N5CCCCC5)CC4)cc3Cl)ncc21,72.0,active
CHEMBL3409459,CN1Cc2ccccc2N(C)c2nc(Nc3ccc(C(=O)N4CCC(N5CCCCC5)CC4)cc3Cl)ncc21,51.2,active
CHEMBL3409460,CN1C(=O)c2ccccc2N(C)c2nc(Cl)ncc21,1000.0,inactive
CHEMBL3409461,CN1Cc2ccccc2N(C)c2nc(Cl)ncc21,1000.0,inactive
CHEMBL3409462,Nc1ccc(C(=O)N2CCC(N3CCCCC3)CC2)cc1Cl,654.0,inactive
CHEMBL3409463,O=C(c1ccc(Nc2ncccn2)c(Cl)c1)N1CCC(N2CCCCC2)CC1,1000.0,inactive
CHEMBL3409464,O=C(c1ccc(Nc2cncnc2)c(Cl)c1)N1CCC(N2CCCCC2)CC1,1000.0,inactive
CHEMBL3409465,O=C(c1ccc(Nc2ccccn2)c(Cl)c1)N1CCC(N2CCCCC2)CC1,1000.0,inactive
CHEMBL3409466,O=C(c1ccc(Nc2cccnc2)c(Cl)c1)N1CCC(N2CCCCC2)CC1,1000.0,inactive
CHEMBL3409467,O=C(c1ccc(Nc2ccccc2)c(Cl)c1)N1CCC(N2CCCCC2)CC1,1000.0,inactive
CHEMBL3409468,COc1ccccc1Nc1ccc(C(=O)N2CCC(N3CCCCC3)CC2)cc1Cl,1000.0,inactive
CHEMBL3409469,O=C(c1ccc(Nc2ccccc2[N+](=O)[O-])c(Cl)c1)N1CCC(N2CCCCC2)CC1,1000.0,inactive
CHEMBL3409470,COc1cccc(Nc2ccc(C(=O)N3CCC(N4CCCCC4)CC3)cc2Cl)c1,1000.0,inactive
CHEMBL3409471,O=C(c1ccc(Nc2ccc([N+](=O)[O-])cc2)c(Cl)c1)N1CCC(N2CCCCC2)CC1,1000.0,inactive
CHEMBL3409472,Cc1ccc(Nc2ccc(C(=O)N3CCC(N4CCCCC4)CC3)cc2Cl)cc1,1000.0,inactive
CHEMBL3409473,CC(=O)Nc1ccc(Nc2ccc(C(=O)N3CCC(N4CCCCC4)CC3)cc2Cl)cc1,1000.0,inactive
CHEMBL3409474,O=C(c1ccc(NCc2ccccc2)c(Cl)c1)N1CCC(N2CCCCC2)CC1,1000.0,inactive
CHEMBL3409475,COc1cccc(CNc2ccc(C(=O)N3CCC(N4CCCCC4)CC3)cc2Cl)c1,1000.0,inactive
CHEMBL3409476,O=C(c1ccc(NCc2ccc([N+](=O)[O-])cc2)c(Cl)c1)N1CCC(N2CCCCC2)CC1,1000.0,inactive
CHEMBL3409477,Cc1ccc(CNc2ccc(C(=O)N3CCC(N4CCCCC4)CC3)cc2Cl)cc1,1000.0,inactive
CHEMBL3409478,CCCNc1ccc(C(=O)N2CCC(N3CCCCC3)CC2)cc1Cl,1000.0,inactive
CHEMBL3409479,O=C(c1ccc(NC2CCCCC2)c(Cl)c1)N1CCC(N2CCCCC2)CC1,1000.0,inactive
CHEMBL3409480,Cn1cccc1CNc1ccc(C(=O)N2CCC(N3CCCCC3)CC2)cc1Cl,1000.0,inactive
CHEMBL3409481,O=C(Nc1ccc(C(=O)N2CCC(N3CCCCC3)CC2)cc1Cl)c1ccc[nH]1,1000.0,inactive
CHEMBL3415608,NC(=O)c1ncc(N[C@@H]2CCCC[C@@H]2N)cc1-c1nc2ccccc2[nH]1,130.0,intermediate
CHEMBL3414584,NC(=O)c1ncc(N[C@@H]2CCCC[C@@H]2N)nc1-c1cc2ccccc2[nH]1,30.0,active
CHEMBL3415610,COc1cccc2[nH]c(-c3nc(N[C@@H]4CCOC[C@@H]4N)cnc3C(N)=O)cc12,33.0,active
CHEMBL3590142,N#Cc1ccc(Nc2ccc3[nH]c(=O)[nH]c3c2)c([N+](=O)[O-])c1,450.0,inactive
CHEMBL3590143,O=C(NCCO)c1ccc(Nc2nc(-c3ccccc3)c3cc(Cl)ccc3n2)cc1,2000.0,inactive
CHEMBL3040018,Cc1ccc(NC(=O)c2ccc(CN3CCNCC3)cc2)cc1Nc1nccc(-c2cccnc2)n1,3300.0,inactive
CHEMBL3588873,CC(c1ccc(NC(=O)c2cc(C3CC3)[nH]n2)cc1)N1CCOCC1,1900.0,inactive
CHEMBL3604124,CN1CCN(c2ccc(OCc3ccccc3)c(C(=O)Nc3cccnc3)c2)CC1,6.0,active
CHEMBL3745885,Cn1c(=O)c(S(=O)(=O)c2ccc(F)cc2F)cc2cnc(Nc3ccc4[nH]ccc4c3)nc21,10000.0,inactive
CHEMBL3943181,NC(=O)c1ncc(N[C@@H]2CCCC[C@@H]2N)nc1-c1nc2ccccc2[nH]1,130.0,intermediate
CHEMBL3884319,CC1(C)C(=O)N([C@H]2CCc3c(O)cccc32)c2nc(Nc3ccccc3)ncc21,167.0,intermediate
CHEMBL3979762,Cn1cc(-c2ccc3[nH]nc(-c4cc(N5CCOCC5)ncn4)c3c2)cn1,2.31,active
CHEMBL3950786,Cn1cc(-c2ccc3[nH]nc(-c4cc(N5CCN(S(C)(=O)=O)CC5)ncn4)c3c2)cn1,3.28,active
CHEMBL3890426,CCN1CCN(c2cc(-c3n[nH]c4ccc(-c5cnn(C)c5)cc34)ncn2)CC1,0.76,active
CHEMBL3928102,CC(C)Oc1ccc2[nH]nc(-c3cc(N4CCOCC4)ncn3)c2c1,5.95,active
CHEMBL3914163,COCCN1CCN(c2cc(-c3n[nH]c4ccc(OC(C)C)cc34)ncn2)CC1,4.9,active
CHEMBL3967186,CC(C)Oc1ccc2[nH]nc(-c3cc(N4CCN(CCF)CC4)ncn3)c2c1,5.5,active
CHEMBL4111923,CC(C)Oc1ccc2[nH]nc(-c3cc(N4CCO[C@H](C)C4)ncn3)c2c1,5.09,active
CHEMBL3904862,CC(C)Oc1cc2c(-c3cc(N4CCN(S(C)(=O)=O)CC4)ncn3)n[nH]c2cc1F,3.09,active
CHEMBL3917266,COC[C@H](C)Oc1ccc2[nH]nc(-c3cc(N4CCOCC4)ncn3)c2c1,2.6,active
CHEMBL3914976,CC(C)Oc1cc2c(-c3cc(N4C[C@H](C)O[C@H](C)C4)ncn3)n[nH]c2cc1F,2.89,active
CHEMBL3932625,CC(C)Oc1ccc2[nH]nc(-c3cc(N4CCC5(CCNC5=O)CC4)ncn3)c2c1,2.31,active
CHEMBL3917138,FC1(F)CCN(c2cc(-c3n[nH]c4ccc(-c5cccnc5)cc34)ncn2)CC1,11.1,active
CHEMBL3968543,Cc1[nH]c2ncnc(N3CCOCC3)c2c1-c1cccc(C#N)c1,12.0,active
CHEMBL3942469,C[C@H]1CCCN(c2ncnc3[nH]cc(-c4cccc(CO)c4)c23)C1,18.0,active
CHEMBL3957531,c1nc(N2CCOCC2)c2c(-c3cn[nH]c3)c[nH]c2n1,25.0,active
CHEMBL3929984,Cc1nc(N2CCOCC2)c2c(-c3cccc(C#N)c3)c[nH]c2n1,42.0,active
CHEMBL3964393,CN(C)c1ncnc2[nH]cc(-c3cccc(CO)c3)c12,34.0,active
CHEMBL3968566,CC1(C)CCCN(c2ncnc3[nH]cc(-c4cccc(C#N)c4)c23)C1,90.0,active
CHEMBL3939031,NC(=O)C1CCCN(c2ncnc3[nH]cc(-c4ccccc4)c23)C1,41.0,active
CHEMBL3906554,N#Cc1cccc(-c2c[nH]c3ncnc(N4CCC[C@H](O)C4)c23)c1,17.0,active
CHEMBL3963345,C[C@H]1CCCN(c2ncnc3[nH]cc(-c4ccccc4)c23)C1,91.0,active
CHEMBL3952292,C[C@H]1CCCN(c2ncnc3[nH]cc(-c4cnn(C)c4)c23)C1,14.0,active
CHEMBL3924603,c1ccc(-c2c[nH]c3ncnc(N4CCCC4)c23)cc1,71.0,active
CHEMBL3960985,OCC1CCN(c2ncnc3[nH]cc(-c4ccccc4)c23)CC1,38.0,active
CHEMBL3930005,[C-]#[N+]C1CCCN(c2ncnc3[nH]cc(-c4cccc(CO)c4)c23)C1,56.0,active
CHEMBL3933433,[C-]#[N+]C1CCCN(c2ncnc3[nH]cc(-c4cccc(C#N)c4)c23)C1,57.0,active
CHEMBL3905428,C[C@H]1C[C@@H](C)CN(c2ncnc3[nH]cc(-c4cnn(C)c4)c23)C1,16.0,active
CHEMBL3986026,[C-]#[N+]c1ccc(OC)c(-c2c[nH]c3ncnc(N4CCCC(C)C4)c23)c1,25.0,active
CHEMBL3916251,[C-]#[N+]c1ccc(OC)c(-c2c[nH]c3ncnc(N(C)C)c23)c1,24.0,active
CHEMBL3942388,COc1ccc(Cl)cc1-c1c[nH]c2ncnc(N(C)C)c12,22.0,active
CHEMBL3897065,N#Cc1cccc(-c2c[nH]c3ncnc(N4CCC(c5ncc[nH]5)CC4)c23)c1,42.0,active
CHEMBL3972882,CN1CCC2(CC1)CN(c1ncnc3[nH]cc(-c4cccc(C#N)c4)c13)CCO2,40.0,active
CHEMBL3901817,COCC1CN(c2ncnc3[nH]cc(-c4cccc(C#N)c4)c23)CCO1,17.0,active
CHEMBL3977855,CN(C)C(=O)CCNc1ncnc2[nH]cc(-c3cccc(C#N)c3)c12,54.0,active
CHEMBL3910857,N#Cc1cccc(-c2c[nH]c3ncnc(N4CCC(F)(F)CC4)c23)c1,67.0,active
CHEMBL3918244,N#Cc1cccc(-c2c[nH]c3ncnc(N4CCC(F)CC4)c23)c1,17.0,active
CHEMBL3963791,N#Cc1cccc(-c2c[nH]c3ncnc(N4CCC(c5cc[nH]n5)CC4)c23)c1,69.0,active
CHEMBL3969062,N#Cc1cccc(-c2c[nH]c3ncnc(N4CC[C@H](F)C4)c23)c1,30.0,active
CHEMBL3941219,N#Cc1cccc(-c2c[nH]c3ncnc(N4CCOC(c5cc[nH]n5)C4)c23)c1,43.0,active
CHEMBL3934457,N#Cc1cccc(-c2c[nH]c3ncnc(N4CCCC(c5cc[nH]n5)C4)c23)c1,84.0,active
CHEMBL3966408,N#Cc1cccc(-c2c[nH]c3ncnc(N4CCCC(c5ncc[nH]5)C4)c23)c1,53.0,active
CHEMBL3940203,CN1CCCC(Nc2ncnc3[nH]cc(-c4cccc(C#N)c4)c23)C1,78.0,active
CHEMBL3896369,N#Cc1cccc(-c2c[nH]c3ncnc(N4CCCC5(CNC(=O)C5)C4)c23)c1,35.0,active
CHEMBL3923525,CC1CCCN(c2ncnc3[nH]cc(-c4cccc(C#N)c4)c23)C1,70.0,active
CHEMBL3942403,N#Cc1cccc(-c2c[nH]c3ncnc(NCCN4CCOCC4)c23)c1,89.0,active
CHEMBL3910988,N#Cc1cccc(-c2c[nH]c3ncnc(N4CCCC5(CCOC5)C4)c23)c1,34.0,active
CHEMBL3966226,CC(=O)NC1CCN(c2ncnc3[nH]cc(-c4cccc(C#N)c4)c23)CC1,50.0,active
CHEMBL3951477,C[C@H]1CCCN(c2ncnc3[nH]cc(-c4ccc5[nH]ncc5c4)c23)C1,67.0,active
CHEMBL3910647,C[C@H]1CCCN(c2ncnc3[nH]cc(-c4cccc(S(N)(=O)=O)c4)c23)C1,24.0,active
CHEMBL3946203,C[C@H]1CCCN(c2ncnc3[nH]cc(-c4ccccc4F)c23)C1,97.0,active
CHEMBL3900115,C[C@H]1CCCN(c2ncnc3[nH]cc(-c4cccc5[nH]ncc45)c23)C1,10.0,active
CHEMBL3974547,Cc1cc(-c2c[nH]c3ncnc(N4CCC[C@H](C)C4)c23)cnc1F,64.0,active
CHEMBL3891128,C[C@H]1CCCN(c2ncnc3[nH]cc(-c4ccc5c(c4)CNC5=O)c23)C1,33.0,active
CHEMBL3960198,C[C@H]1CCCN(c2ncnc3[nH]cc(-c4cccnc4)c23)C1,56.0,active
CHEMBL3893477,Cc1cncc(-c2c[nH]c3ncnc(N4CCC[C@H](C)C4)c23)c1,15.0,active
CHEMBL3890066,C[C@H]1CCCN(c2ncnc3[nH]cc(-c4cnc5[nH]ccc5c4)c23)C1,74.0,active
CHEMBL3975005,C[C@H]1CCCN(c2ncnc3[nH]cc(-c4ccc5c(c4)C(=O)NC5)c23)C1,68.0,active
CHEMBL3904113,C[C@H]1CCCN(c2ncnc3[nH]cc(-c4cnc5cc[nH]c5c4)c23)C1,53.0,active
CHEMBL3986410,C[C@H]1CCCN(c2ncnc3[nH]cc(-c4ccc(O)cc4)c23)C1,26.0,active
CHEMBL3900759,C[C@H]1CCCN(c2ncnc3[nH]cc(-c4ccc(C(N)=O)cc4)c23)C1,13.0,active
CHEMBL3958751,C[C@H]1CCCN(c2ncnc3[nH]cc(-c4cccc(O)c4)c23)C1,9.0,active
CHEMBL3889722,Cc1cnc(Cl)c(-c2c[nH]c3ncnc(N4CCC[C@H](C)C4)c23)c1,30.0,active
CHEMBL3966500,C[C@H]1CCCN(c2ncnc3[nH]cc(-c4cccc(C(N)=O)c4)c23)C1,86.0,active
CHEMBL3898649,N#Cc1cccc(-c2c[nH]c3ncnc(N4CCCC(F)C4)c23)c1,12.0,active
CHEMBL3967579,CC1CCN(c2ncnc3[nH]cc(-c4cccc(C#N)c4)c23)CC1,91.0,active
CHEMBL3963473,C[C@H]1CCCN(c2ncnc3[nH]cc(-c4cccc(C(=O)O)c4)c23)C1,55.0,active
CHEMBL3904634,CNc1ncnc2[nH]cc(-c3cccc(C#N)c3)c12,45.0,active
CHEMBL3975452,COc1ccc(C#N)cc1-c1c[nH]c2ncnc(N3C[C@@H](C)C[C@@H](C)C3)c12,85.0,active
CHEMBL3913617,COc1ccc(C#N)cc1-c1c[nH]c2ncnc(N3CCC[C@H](C)C3)c12,21.0,active
CHEMBL3980330,C[C@H]1CCCN(c2ncnc3[nH]cc(-c4cccc(C#N)c4F)c23)C1,11.0,active
CHEMBL3919118,CN(C)c1ncnc2[nH]cc(-c3ccccc3)c12,63.0,active
CHEMBL3891060,CN(C)c1ncnc2[nH]cc(-c3cccc(C#N)c3F)c12,6.0,active
CHEMBL3928018,CC1CCN(c2ncnc3[nH]cc(-c4cccc(C#N)c4)c23)C1,21.0,active
CHEMBL3903551,[C-]#[N+]c1ccc(F)c(-c2c[nH]c3ncnc(N(C)C)c23)c1,37.0,active
CHEMBL3968012,CN(C)c1ncnc2[nH]cc(-c3cc(F)cc(C#N)c3)c12,53.0,active
CHEMBL3942521,[C-]#[N+]c1ccc(F)c(-c2c[nH]c3ncnc(N4CCOCC4)c23)c1,49.0,active
CHEMBL3972118,Cn1cc(-c2c[nH]c3ncnc(N4CCC(F)CC4)c23)cn1,36.0,active
CHEMBL3971055,N#Cc1ccccc1-c1c[nH]c2ncnc(N3CCOCC3)c12,95.0,active
CHEMBL3931012,Fc1ccccc1-c1c[nH]c2ncnc(N3CCOCC3)c12,22.0,active
CHEMBL3956506,COc1cc(F)cc(-c2c[nH]c3ncnc(N4CCOCC4)c23)c1,9.0,active
CHEMBL3985170,Fc1ccc(F)c(-c2c[nH]c3ncnc(N4CCOCC4)c23)c1,76.0,active
CHEMBL3940283,Fc1cccc(-c2c[nH]c3ncnc(N4CCOCC4)c23)c1F,12.0,active
CHEMBL3973248,Fc1ccc(Cl)cc1-c1c[nH]c2ncnc(N3CCOCC3)c12,9.0,active
CHEMBL3932556,OCc1cccc(-c2c[nH]c3ncnc(N4CCOCC4)c23)c1F,32.0,active
CHEMBL3908095,Fc1ccc(-c2c[nH]c3ncnc(N4CCOCC4)c23)c(F)c1,41.0,active
CHEMBL3923604,Fc1cccc(-c2c[nH]c3ncnc(N4CCOCC4)c23)c1,9.0,active
CHEMBL3895606,Fc1cc(F)cc(-c2c[nH]c3ncnc(N4CCOCC4)c23)c1,92.0,active
CHEMBL3965800,COc1ccc(F)cc1-c1c[nH]c2ncnc(N3CCOCC3)c12,7.0,active
CHEMBL3914712,Clc1ccccc1-c1c[nH]c2ncnc(N3CCOCC3)c12,21.0,active
CHEMBL3978400,Cc1ccc(F)cc1-c1c[nH]c2ncnc(N3CCOCC3)c12,91.0,active
CHEMBL3909357,OCc1cc(-c2c[nH]c3ncnc(N4CCOCC4)c23)ccc1F,70.0,active
CHEMBL3906353,Fc1ccc(-c2c[nH]c3ncnc(N4CCOCC4)c23)cc1,95.0,active
CHEMBL3954258,OCc1cccc(-c2c[nH]c3ncnc(N4CCOCC4)c23)c1,12.0,active
CHEMBL3943641,COc1ccccc1-c1c[nH]c2ncnc(N3CCOCC3)c12,14.0,active
CHEMBL3973146,CSc1cccc(-c2c[nH]c3ncnc(N4CCOCC4)c23)c1,52.0,active
CHEMBL3948963,c1cncc(-c2c[nH]c3ncnc(N4CCOCC4)c23)c1,35.0,active
CHEMBL3952215,c1ccc2c(-c3c[nH]c4ncnc(N5CCOCC5)c34)cncc2c1,27.0,active
CHEMBL3929926,Brc1cncc(-c2c[nH]c3ncnc(N4CCOCC4)c23)c1,6.0,active
CHEMBL3957480,Cc1ccc(Cl)c(-c2c[nH]c3ncnc(N4CCOCC4)c23)c1,22.0,active
CHEMBL3942417,Cc1cccc(-c2c[nH]c3ncnc(N4CCOCC4)c23)c1,13.0,active
CHEMBL3968498,N#Cc1cccc(-c2c[nH]c3ncnc(N4CCC(O)CC4)c23)c1,52.0,active
CHEMBL3907778,Cc1cc(C#N)cc(-c2c[nH]c3ncnc(N4CCOCC4)c23)c1,14.0,active
CHEMBL3935730,Cc1nc(C2CN(c3ncnc4[nH]cc(-c5cccc(C#N)c5)c34)CCO2)no1,10.0,active
CHEMBL3942875,N#Cc1cccc(-c2c[nH]c3ncnc(N4CC5CC(C4)O5)c23)c1,58.0,active
CHEMBL3914899,N#Cc1cc(Cl)cc(-c2c[nH]c3ncnc(N4CCOCC4)c23)c1,77.0,active
CHEMBL3964190,[C-]#[N+]c1ccc(OC)c(-c2c[nH]c3ncnc(N4CCOCC4)c23)c1,48.0,active
CHEMBL3927437,COc1ccc(Cl)cc1-c1c[nH]c2ncnc(N3CCOCC3)c12,85.0,active
CHEMBL3928476,Cc1[nH]c2ncnc(N3CCOCC3)c2c1-c1cnn(C)c1,47.0,active
CHEMBL3900515,COc1cc(C#N)cc(-c2c[nH]c3ncnc(N4CCOCC4)c23)c1,77.0,active
CHEMBL3937495,Cn1cc(-c2c[nH]c3ncnc(N4CCSCC4)c23)cn1,71.0,active
CHEMBL3905907,Cn1cc(-c2c[nH]c3ncnc(N4CCCC(O)C4)c23)cn1,44.0,active
CHEMBL3922710,C[C@H]1CN(c2ncnc3[nH]cc(-c4cnn(C)c4)c23)CCO1,57.0,active
CHEMBL4110249,C[C@@H]1CN(c2ncnc3[nH]cc(-c4cnn(C)c4)c23)CCO1,67.0,active
CHEMBL3917998,Cn1cc(-c2c[nH]c3ncnc(N4CCCC(F)C4)c23)cn1,31.0,active
CHEMBL3942416,Cn1cc(-c2c[nH]c3ncnc(N4CCOC(CO)C4)c23)cn1,77.0,active
CHEMBL3905434,Cc1ccc(OCC2CN(c3ncnc4[nH]cc(-c5cnn(C)c5)c34)CCO2)cn1,54.0,active
CHEMBL3933441,CN(C)c1ncnc2[nH]cc(-c3cnn(C)c3)c12,55.0,active
CHEMBL3896507,CN(c1ncnc2[nH]cc(-c3cnn(C)c3)c12)C1CC1,37.0,active
CHEMBL3927997,N#Cc1cccc(-c2c[nH]c3ncnc(N4CCCC(F)(F)C4)c23)c1,79.0,active
CHEMBL3898946,N#Cc1cccc(-c2c[nH]c3ncnc(N4CCCC(N)C4)c23)c1,14.0,active
CHEMBL3919096,N#Cc1cccc(-c2c[nH]c3ncnc(N4CCOC(Cc5noc(C(F)F)n5)C4)c23)c1,44.0,active
CHEMBL3975717,N#Cc1cccc(-c2c[nH]c3ncnc(N4CCOC(c5nccs5)C4)c23)c1,45.0,active
CHEMBL3934683,N#Cc1cccc(-c2c[nH]c3ncnc(N4CCC(=O)CC4)c23)c1,66.0,active
CHEMBL3981479,N#Cc1cccc(-c2c[nH]c3ncnc(N4CCC(F)(CO)CC4)c23)c1,42.0,active
CHEMBL3911449,N#Cc1cccc(-c2c[nH]c3ncnc(N4CCOC(c5cccc(O)c5)C4)c23)c1,91.0,active
CHEMBL3963430,N#Cc1cccc(-c2c[nH]c3ncnc(N4CCOC(c5noc(C6CC6)n5)C4)c23)c1,19.0,active
CHEMBL3915904,N#Cc1cccc(-c2c[nH]c3ncnc(N4CCC(F)(F)C4)c23)c1,74.0,active
CHEMBL3901157,N#Cc1cccc(OCC2CN(c3ncnc4[nH]cc(-c5cccc(C#N)c5)c34)CCO2)c1,30.0,active
CHEMBL3972503,N#Cc1cccc(-c2c[nH]c3ncnc(N4CCCC(O)C4)c23)c1,10.0,active
CHEMBL3986654,N#Cc1cccc(-c2c[nH]c3ncnc(N4CCCC(C(N)=O)C4)c23)c1,49.0,active
CHEMBL3913219,CCC1CN(c2ncnc3[nH]cc(-c4cccc(C#N)c4)c23)CCO1,61.0,active
CHEMBL3956541,N#Cc1cccc(-c2c[nH]c3ncnc(N4CCOC(c5ccncn5)C4)c23)c1,79.0,active
CHEMBL3983291,N#Cc1cccc(-c2c[nH]c3ncnc(N4CCOC(c5nc(C6CC6)no5)C4)c23)c1,30.0,active
CHEMBL3924549,CN(C)CC1CN(c2ncnc3[nH]cc(-c4cccc(C#N)c4)c23)CCO1,45.0,active
CHEMBL3890755,N#Cc1cccc(-c2c[nH]c3ncnc(Nc4cn[nH]c4)c23)c1,69.0,active
CHEMBL3901919,Cc1nc(CC2CN(c3ncnc4[nH]cc(-c5cccc(C#N)c5)c34)CCO2)no1,55.0,active
CHEMBL3899731,Cc1nnc(C2CCCN(c3ncnc4[nH]cc(-c5cccc(C#N)c5)c34)C2)o1,96.0,active
CHEMBL3945834,COc1cc(C#N)cc(-c2c[nH]c3ncnc(N(C)C)c23)c1,37.0,active
CHEMBL3975196,CCn1cc(-c2c[nH]c3ncnc(N4CCOCC4)c23)cn1,77.0,active
CHEMBL3951102,Clc1cncc(-c2c[nH]c3ncnc(N4CCOCC4)c23)c1,28.0,active
CHEMBL3983178,COc1cncc(-c2c[nH]c3ncnc(N4CCOCC4)c23)n1,32.0,active
CHEMBL3926809,Cc1nn(C)cc1-c1c[nH]c2ncnc(N3CCOCC3)c12,60.0,active
CHEMBL3954450,C[C@H]1COCCN1c1ncnc2[nH]cc(-c3cccc(C#N)c3)c12,44.0,active
CHEMBL3910711,Cc1nc(N2CCOCC2)c2c(-c3cccc(C#N)c3F)c[nH]c2n1,30.0,active
CHEMBL4112240,N#Cc1cccc(-c2c[nH]c3ncnc(N4CCC[C@@H](O)C4)c23)c1,8.0,active
CHEMBL3964405,OC1CCCN(c2ncnc3[nH]cc(-c4cccc(F)c4)c23)C1,57.0,active
CHEMBL3931788,COc1ccc(F)cc1-c1c[nH]c2ncnc(N3CCOC(c4noc(C)n4)C3)c12,44.0,active
CHEMBL3930716,N#Cc1cccc(-c2c[nH]c3ncnc(N4CCC(F)CC4)c23)c1F,18.0,active
CHEMBL3954837,COc1ccccc1-c1c[nH]c2ncnc(N3CCC(F)CC3)c12,67.0,active
CHEMBL3899954,COc1cc(F)cc(-c2c[nH]c3ncnc(N4CCC(F)CC4)c23)c1,84.0,active
CHEMBL3901487,Cc1cncc(-c2c[nH]c3ncnc(N4CCCC(O)C4)c23)c1,36.0,active
CHEMBL3932988,COc1ccc(F)cc1-c1c[nH]c2ncnc(N3CCC(F)CC3)c12,25.0,active
CHEMBL3916889,COc1cc(F)cc(-c2c[nH]c3ncnc(N4CCCC(O)C4)c23)c1,29.0,active
CHEMBL3963370,COc1ccccc1-c1c[nH]c2ncnc(N3CCCC(O)C3)c12,58.0,active
CHEMBL3925893,Cc1noc(C2CN(c3ncnc4[nH]cc(-c5cccc(C#N)c5F)c34)CCO2)n1,38.0,active
CHEMBL3894326,COCC1CN(c2ncnc3[nH]cc(-c4cccc(C#N)c4F)c23)CCO1,61.0,active
CHEMBL3931267,COc1ccc(F)cc1-c1c[nH]c2ncnc(N3CCC3)c12,85.0,active
CHEMBL3903295,Cc1cncc(-c2c[nH]c3ncnc(N4CCO[C@@H](C)C4)c23)c1,99.0,active
CHEMBL3979426,COc1ccccc1-c1c[nH]c2ncnc(N(C)C)c12,43.0,active
CHEMBL3962415,COc1ccccc1-c1c[nH]c2ncnc(N3CC[C@H](F)C3)c12,41.0,active
CHEMBL3947266,COc1ccccc1-c1c[nH]c2ncnc(N3CCCC3)c12,54.0,active
CHEMBL3973394,COc1cc(F)cc(-c2c[nH]c3ncnc(N(C)C)c23)c1,41.0,active
CHEMBL3920540,N#Cc1cccc(-c2c[nH]c3ncnc(N4CCCC(O)C4)c23)c1F,9.0,active
CHEMBL3948344,COc1ccc(F)cc1-c1c[nH]c2ncnc(N3CCO[C@@H](C)C3)c12,19.0,active
CHEMBL3926025,C[C@H]1CN(c2ncnc3[nH]cc(-c4cccc(C#N)c4F)c23)CCO1,10.0,active
CHEMBL3957011,COc1ccc(F)cc1-c1c[nH]c2ncnc(N3CCCC(F)C3)c12,22.0,active
CHEMBL3927167,C[C@H]1CN(c2ncnc3[nH]cc(-c4cccc(F)c4)c23)CCO1,38.0,active
CHEMBL3893561,COc1ccc(F)cc1-c1c[nH]c2ncnc(N(C)C)c12,13.0,active
CHEMBL3975129,N#Cc1cccc(-c2c[nH]c3ncnc(N4CCCC4)c23)c1F,15.0,active
CHEMBL3942307,COc1ccc(F)cc1-c1c[nH]c2ncnc(N3CC[C@H](F)C3)c12,15.0,active
CHEMBL3966624,Cc1nc(C2CN(c3ncnc4[nH]cc(-c5cccc(C#N)c5F)c34)CCO2)no1,17.0,active
CHEMBL3890691,Cc1ccnc(-c2c[nH]c3ncnc(N4CCOCC4)c23)c1,43.0,active
CHEMBL3965683,COc1cccc(F)c1-c1c[nH]c2ncnc(N(C)C)c12,40.0,active
CHEMBL3892682,COc1cccc(F)c1-c1c[nH]c2ncnc(N3CCOCC3)c12,25.0,active
CHEMBL3982042,Cc1cc(-c2c[nH]c3ncnc(N4CCOCC4)c23)sn1,23.0,active
CHEMBL3979061,COc1ccc(F)c(Cl)c1-c1c[nH]c2ncnc(N3CCOCC3)c12,47.0,active
CHEMBL3949016,N#Cc1cccc(-c2c(C(F)F)[nH]c3ncnc(N4CCOCC4)c23)c1,127.0,intermediate
CHEMBL3973194,C1=C(c2c[nH]c3ncnc(N4CCOCC4)c23)COCC1,97.8,active
CHEMBL3943687,C1=C(c2c[nH]c3ncnc(N4CCOCC4)c23)CCCO1,76.7,active
CHEMBL3917780,c1cc(-c2ncon2)cc(-c2c[nH]c3ncnc(N4CCOCC4)c23)c1,129.0,intermediate
CHEMBL3934716,Cc1cc(C2CN(c3ncnc4[nH]cc(-c5cccc(C#N)c5)c34)CCO2)on1,64.7,active
CHEMBL3951523,Cc1c(C#N)cccc1-c1c[nH]c2ncnc(N3CCOCC3)c12,13.2,active
CHEMBL3983547,O=c1cc(-c2c[nH]c3ncnc(N4CCOCC4)c23)cc[nH]1,11.7,active
CHEMBL3946246,c1nc(N2CCOCC2)c2c(-c3cnc4sccn34)c[nH]c2n1,15.8,active
CHEMBL3975562,N#Cc1cccc(-c2c[nH]c3ncnc(N4C[C@@H]5CCO[C@@H]5C4)c23)c1,139.0,intermediate
CHEMBL3981493,N#Cc1cccc(-c2c[nH]c3ncnc(N4C[C@H]5COC[C@H]5C4)c23)c1,223.0,intermediate
CHEMBL4112166,N#Cc1cccc(-c2c[nH]c3ncnc(N4CCO[C@H]5CCC[C@H]54)c23)c1,27.2,active
CHEMBL3898442,[C-]#[N+]C1CN(c2ncnc3[nH]cc(-c4cccc(C#N)c4)c23)CCO1,42.2,active
CHEMBL3969635,CC1(C)CN(c2ncnc3[nH]cc(-c4cccc(C#N)c4)c23)CCO1,35.2,active
CHEMBL3907468,N#Cc1ccc(-c2c[nH]c3ncnc(N4CCOCC4)c23)s1,21.9,active
CHEMBL3981043,c1cnn2c(-c3c[nH]c4ncnc(N5CCOCC5)c34)cnc2c1,6.26,active
CHEMBL3893023,NC(=O)c1cccc(-c2c[nH]c3ncnc(N4CCOCC4)c23)c1,30.6,active
CHEMBL3958543,c1cnc2c(-c3c[nH]c4ncnc(N5CCOCC5)c34)cnn2c1,35.6,active
CHEMBL3906208,Cn1cc(-c2c[nH]c3ncnc(N4CCOCC4)c23)cc1C#N,6.37,active
CHEMBL3976897,Cc1nc2sccn2c1-c1c[nH]c2ncnc(N3CCOCC3)c12,37.4,active
CHEMBL3901378,Cn1cc(-c2c[nH]c3ncnc(N4CCOCC4)c23)nc1C#N,7.47,active
CHEMBL3942400,CC(C)c1nnc(-c2cc(-c3ccc4[nH]ccc4c3)cnc2N)o1,910.0,inactive
CHEMBL3966726,Nc1ncc(-c2ccc3[nH]ccc3c2)cc1-c1nnc(C2CC2)o1,1000.0,inactive
CHEMBL3936985,CN1CCc2cc(-c3cnc(N)c(-c4nnc(C5CC5)o4)c3)ccc21,710.0,inactive
CHEMBL3959735,Cc1ccc(-c2cnc(N)c(-c3nnc(C4CCN(C)CC4)o3)c2)cc1,860.0,inactive
CHEMBL3935728,CN1CCc2cc(-c3cnc(N)c(-c4nnc(C5CCNCC5)o4)c3)ccc21,380.0,inactive
CHEMBL3919901,Nc1ncc(-c2ccc(CN3CCOCC3)cc2)cc1-c1nnc(C2CC2)o1,390.0,inactive
CHEMBL3951135,COc1cccc(-c2cnc(N)c(-c3nnc(C4CCNCC4)o3)c2)c1,1000.0,inactive
CHEMBL3954783,COc1cccc(-c2cnc(N)c(-c3nnc(C4CCN(C)CC4)o3)c2)c1,880.0,inactive
CHEMBL3949980,CC(C)n1cc(-c2cc(-c3ccc4c(ccn4C)c3)cnc2N)nn1,540.0,inactive
CHEMBL3922844,CC(C)n1cc(-c2cc(-c3ccc4c(c3)CCN4C)cnc2N)nn1,350.0,inactive
CHEMBL3950567,CC(C)n1cc(-c2nc(-c3ccc4c(c3)CCN4C)cnc2N)nn1,340.0,inactive
CHEMBL3971067,CC(C)n1cc(-c2cc(-c3ccc(CN4CCOCC4)cc3)cnc2N)nn1,160.0,intermediate
CHEMBL3921258,CC(C)n1cc(-c2cc(-c3ccc(N4CCOCC4)cc3)cnc2N)nn1,280.0,intermediate
CHEMBL3978722,CC(C)n1cc(-c2cc(-c3ccc(CCN4CCOCC4)cc3)cnc2N)nn1,340.0,inactive
CHEMBL3908300,CC(C)n1cc(-c2cc(-c3ccc(CN4CCOCC4)c(F)c3)cnc2N)nn1,370.0,inactive
CHEMBL3983531,CC(C)n1cc(-c2cc(-c3ccc(C(=O)N4CCOCC4)c(F)c3)cnc2N)nn1,510.0,inactive
CHEMBL3945284,COc1cc(-c2cnc(N)c(-c3cn(C(C)C)nn3)c2)ccc1C(=O)N1CCOCC1,95.0,active
CHEMBL3955954,COc1cc(-c2cnc(N)c(-c3cn(C(C)C)nn3)c2)ccc1CN1CCOCC1,86.0,active
CHEMBL3984578,CC(C)n1cc(-c2cc(-c3ccc(F)c(CN4CCOCC4)c3)cnc2N)nn1,880.0,inactive
CHEMBL3975429,Cc1cc(-c2cnc(N)c(-c3cn(C(C)C)nn3)c2)ccc1C(=O)N1CCOCC1,110.0,intermediate
CHEMBL3946086,Cc1cc(-c2cnc(N)c(-c3cn(C(C)C)nn3)c2)ccc1CN1CCOCC1,240.0,intermediate
CHEMBL3913713,CC(C)n1cc(-c2cc(-c3ccc(C(=O)N4CCOCC4)c(Cl)c3)cnc2N)nn1,290.0,intermediate
CHEMBL3964094,CC(C)n1cc(-c2cc(-c3ccc(CN4CCOCC4)c(Cl)c3)cnc2N)nn1,220.0,intermediate
CHEMBL3919227,CC(C)n1cc(-c2cc(-c3cccc(CN4CCOCC4)c3)cnc2N)nn1,500.0,inactive
CHEMBL3891150,CC(C)n1cc(-c2cc(-c3cccc(C(=O)N4CCOCC4)c3)cnc2N)nn1,950.0,inactive
CHEMBL3928119,CC(C)n1cc(-c2cc(-c3cc(Cl)cc(C(=O)N4CCOCC4)c3)cnc2N)nn1,690.0,inactive
CHEMBL3903650,CC(C)n1cc(-c2cc(-c3cc(Cl)cc(CN4CCOCC4)c3)cnc2N)nn1,760.0,inactive
CHEMBL3938306,CC(C)n1cc(-c2cc(-c3ccc(C(=O)N4CCOCC4)cc3)cnc2N)nn1,430.0,inactive
CHEMBL3910377,Nc1ncc(-c2cccc(CN3CCOCC3)c2)cc1-c1nnc(C2CC2)o1,760.0,inactive
CHEMBL3968143,CC(C)n1cc(-c2cc(-c3ccc(CC(=O)N4CCOCC4)cc3)cnc2N)nn1,520.0,inactive
CHEMBL3951753,C=CS(=O)(=O)Nc1cccc(Nc2ncnc3cc(OC)c(OC)cc23)c1,213.0,intermediate
CHEMBL3800128,COc1cc2ncnc(Nc3cccc(NS(C)(=O)=O)c3)c2cc1OC,353.0,inactive
CHEMBL3937482,CCCS(=O)(=O)Nc1cccc(Nc2ncnc3cc(OC)c(OC)cc23)c1,334.0,inactive
CHEMBL3966314,COc1cc2ncnc(Nc3cccc(NS(=O)(=O)CC(C)C)c3)c2cc1OC,241.0,intermediate
CHEMBL3914888,COc1cc2ncnc(Nc3cccc(NS(=O)(=O)c4ccccc4)c3)c2cc1OC,186.0,intermediate
CHEMBL3975770,COc1cc2ncnc(Nc3cccc(NS(=O)(=O)c4cccs4)c3)c2cc1OC,329.0,inactive
CHEMBL3985759,COc1cc2ncnc(Nc3cccc(NS(=O)(=O)CC(F)(F)F)c3)c2cc1OC,380.0,inactive
CHEMBL3916001,CCS(=O)(=O)Nc1cccc(Nc2ncnc3cc(OC)c(OC)cc23)c1,334.0,inactive
CHEMBL3967256,Cn1cc(-c2ccc3[nH]nc(-c4cc(N5CCN(C6CC6)CC5)ncn4)c3c2)cn1,2.62,active
CHEMBL3917197,Cn1cc(-c2ccc3[nH]nc(-c4cc(N5CCOC6(CC6)C5)ncn4)c3c2)cn1,2.01,active
CHEMBL3945097,CN1CCN(c2cc(-c3n[nH]c4ccc(-c5cnn(C)c5)cc34)ncn2)CC1=O,4.91,active
CHEMBL3922655,CN1CCN(c2cc(-c3n[nH]c4ccc(-c5cnn(C)c5)cc34)ncn2)CC1,2.85,active
CHEMBL3953830,COCCNc1cc(-c2n[nH]c3ccc(-c4cnn(C)c4)cc23)ncn1,14.96,active
CHEMBL3931593,COCCOC1CCN(c2cc(-c3n[nH]c4ccc(-c5cnn(C)c5)cc34)ncn2)CC1,1.87,active
CHEMBL3959075,Cn1cc(-c2ccc3[nH]nc(-c4cc(N5CC6CCC(C5)O6)ncn4)c3c2)cn1,5.18,active
CHEMBL3944061,C[C@H]1CN(c2cc(-c3n[nH]c4ccc(-c5cnn(C)c5)cc34)ncn2)C[C@@H](C)O1,1.4,active
CHEMBL3970173,COC1CCN(c2cc(-c3n[nH]c4ccc(-c5cnn(C)c5)cc34)ncn2)CC1,2.04,active
CHEMBL3952812,CC(=O)N1CCN(c2cc(-c3n[nH]c4ccc(-c5cnn(C)c5)cc34)ncn2)CC1,3.15,active
CHEMBL3981561,Cn1cc(-c2ccc3[nH]nc(-c4cc(N5CCNC(=O)C5)ncn4)c3c2)cn1,2.84,active
CHEMBL3902701,CC(C)N1CCN(c2cc(-c3n[nH]c4ccc(-c5cnn(C)c5)cc34)ncn2)CC1,0.73,active
CHEMBL3931365,CO[C@H]1CN(c2cc(-c3n[nH]c4ccc(OC(C)C)cc34)ncn2)C[C@@H]1O,9.9,active
CHEMBL3962713,CC(C)Oc1ccc2[nH]nc(-c3cc(N4CCOC(C)(C)C4)ncn3)c2c1,6.37,active
CHEMBL3986028,CC(C)Oc1ccc2[nH]nc(-c3cc(N4CC[S+]([O-])CC4)ncn3)c2c1,11.5,active
CHEMBL3953967,CC(C)Oc1ccc2[nH]nc(-c3cc(N4CCC(F)(F)CC4)ncn3)c2c1,14.8,active
CHEMBL3977858,CC(C)Oc1ccc2[nH]nc(-c3cc(N4CCN(S(C)(=O)=O)CC4)ncn3)c2c1,7.99,active
CHEMBL3948671,CC(C)Oc1ccc2[nH]nc(-c3cc(N4CC5CCC(C4)O5)ncn3)c2c1,29.2,active
CHEMBL3910517,CC(C)Oc1ccc2[nH]nc(-c3cc(N4CCN(C)C(=O)C4)ncn3)c2c1,11.2,active
CHEMBL3983779,CC(C)Oc1ccc2[nH]nc(-c3cc(N4CCN(C5CC5)CC4)ncn3)c2c1,8.28,active
CHEMBL3977482,CC(C)Oc1ccc2[nH]nc(-c3cc(N4CCOC5(CC5)C4)ncn3)c2c1,4.04,active
CHEMBL3944850,CC(C)Oc1ccc2[nH]nc(-c3cc(N4CCOCC4C)ncn3)c2c1,9.82,active
CHEMBL3969038,CCCN1CCN(c2cc(-c3n[nH]c4ccc(OC(C)C)cc34)ncn2)CC1,8.14,active
CHEMBL3939472,COCCNc1cc(-c2n[nH]c3ccc(OC(C)C)cc23)ncn1,26.3,active
CHEMBL3921447,CC(C)Oc1ccc2[nH]nc(-c3cc(N4CCN(C(C)C)CC4)ncn3)c2c1,7.68,active
CHEMBL3896900,CC(C)Oc1ccc2[nH]nc(-c3cc(N4CCNCC4)ncn3)c2c1,12.38,active
CHEMBL3982282,COCCN(C)c1cc(-c2n[nH]c3ccc(OC(C)C)cc23)ncn1,66.54,active
CHEMBL3953571,CC(C)Oc1ccc2[nH]nc(-c3cc(N4CCO[C@@H](C)C4)ncn3)c2c1,21.44,active
CHEMBL3942829,COCCN1CCN(c2cc(-c3n[nH]c4ccc(OC(C)C)cc34)ncn2)CC1=O,5.59,active
CHEMBL3911415,CC(C)Oc1ccc2[nH]nc(-c3cc(N4CCN(C(=O)C5CC5)CC4)ncn3)c2c1,4.15,active
CHEMBL3932899,CC(C)Oc1ccc2[nH]nc(-c3cc(N4CCN(S(=O)(=O)C5CC5)CC4)ncn3)c2c1,5.51,active
CHEMBL3960371,CC(C)Oc1cc2c(-c3cc(N4CCN(C)CC4)ncn3)n[nH]c2cc1F,4.35,active
CHEMBL3935320,CC(C)Oc1cc2c(-c3cc(N4CCOCC4)ncn3)n[nH]c2cc1F,2.39,active
CHEMBL3971462,CC(C)Oc1ccc2[nH]nc(-c3cc(N4C=CSCC4)ncn3)c2c1,6.08,active
CHEMBL3946512,CCN1CCN(c2cc(-c3n[nH]c4ccc(OC(C)C)cc34)ncn2)CC1=O,5.6,active
CHEMBL3975802,CC(C)Oc1ccc2[nH]nc(-c3cc(N4CCN(C(C)C)C(=O)C4)ncn3)c2c1,5.28,active
CHEMBL4114530,CO[C@@H]1CCN(c2cc(-c3n[nH]c4ccc(OC(C)C)cc34)ncn2)C1,7.47,active
CHEMBL3895221,CO[C@H]1CCN(c2cc(-c3n[nH]c4ccc(OC(C)C)cc34)ncn2)C1,8.79,active
CHEMBL3908542,CC(C)Oc1ccc2[nH]nc(-c3cc(N4CCN(CCF)C(=O)C4)ncn3)c2c1,3.3,active
CHEMBL3952893,CCCN1CCN(c2cc(-c3n[nH]c4ccc(OC(C)C)cc34)ncn2)CC1=O,4.39,active
CHEMBL3930240,CC(C)Oc1cc2c(-c3cc(N4C[C@H](F)[C@@H](F)C4)ncn3)n[nH]c2cc1F,4.78,active
CHEMBL3914353,CCN1CCN(c2cc(-c3n[nH]c4cc(F)c(OC(C)C)cc34)ncn2)CC1=O,4.16,active
CHEMBL3959858,CC(C)Oc1cc2c(-c3cc(N4CCNC(=O)C4)ncn3)n[nH]c2cc1F,2.89,active
CHEMBL3933109,CC(C)Oc1cc2c(-c3cc(N4CCO[C@@H](C)C4)ncn3)n[nH]c2cc1F,5.01,active
CHEMBL4113861,CC(C)Oc1cc2c(-c3cc(N4CCO[C@H](C)C4)ncn3)n[nH]c2cc1F,2.87,active
CHEMBL3901271,CC(C)Oc1cc2c(-c3cc(N4CCOCC4C)ncn3)n[nH]c2cc1F,5.54,active
CHEMBL3937664,CC(C)Oc1ccc2[nH]nc(-c3cc(N4C[C@H](O)[C@@H](O)[C@@H]4C)ncn3)c2c1,18.13,active
CHEMBL4115404,CC(C)Oc1ccc2[nH]nc(-c3cc(N4CC[C@@H](N)C4)ncn3)c2c1,8.78,active
CHEMBL3905416,CC(C)Oc1ccc2[nH]nc(-c3cc(N4CC[C@H](N)C4)ncn3)c2c1,6.68,active
CHEMBL3977672,CC(C)Oc1cc2c(-c3cc(N4CCN(C5CC5)CC4)ncn3)n[nH]c2cc1F,3.99,active
CHEMBL3927721,CCN1CCN(c2cc(-c3n[nH]c4cc(F)c(OC(C)C)cc34)ncn2)CC1,2.97,active
CHEMBL3931097,CC(C)Oc1cc2c(-c3cc(N4CC5CCC(C4)O5)ncn3)n[nH]c2cc1F,14.58,active
CHEMBL3922307,CC(C)Oc1ccc2[nH]nc(-c3cc(N4CCC(C(=O)O)CC4)ncn3)c2c1,4.45,active
CHEMBL3950044,CC(C)Oc1ccc2[nH]nc(-c3cc(N4CCC5(CCCO5)CC4)ncn3)c2c1,4.13,active
CHEMBL3921084,CC(C)Oc1cc2c(-c3cc(N4CCN(C)[C@@H](C)C4)ncn3)n[nH]c2cc1F,1.2,active
CHEMBL4113352,CC(C)Oc1cc2c(-c3cc(N4CCN(C)[C@H](C)C4)ncn3)n[nH]c2cc1F,1.3,active
CHEMBL3906572,CC(C)Oc1ccc2[nH]nc(-c3cc(N4C[C@H](N)C[C@@H]4C)ncn3)c2c1,11.1,active
CHEMBL3985545,CCC(=O)N1CCN(c2cc(-c3n[nH]c4ccc(OC(C)C)cc34)ncn2)CC1,4.26,active
CHEMBL3891819,CC(C)Oc1ccc2[nH]nc(-c3cc(N4C[C@@H]5C[C@H]4CO5)ncn3)c2c1,5.94,active
CHEMBL3897651,CC(C)Oc1ccc2[nH]nc(-c3cc(N4C[C@H](O)[C@@H](N)[C@@H]4C)ncn3)c2c1,14.4,active
CHEMBL3919519,CC(C)Oc1cc2c(-c3cc(N4CCN(c5cnn(C)c5)CC4)ncn3)n[nH]c2cc1F,2.19,active
CHEMBL3895039,CC(C)Oc1cc2c(-c3cc(N4C[C@H](O)[C@@H](O)[C@@H]4C)ncn3)n[nH]c2cc1F,15.5,active
CHEMBL4108580,CC(C)Oc1cc2c(-c3cc(N4CC[C@@H](N)C4)ncn3)n[nH]c2cc1F,7.3,active
CHEMBL3910578,CC(C)Oc1cc2c(-c3cc(N4CC[C@H](N)C4)ncn3)n[nH]c2cc1F,10.4,active
CHEMBL3964794,CC(C)Oc1cc2c(-c3cc(N4C[C@H](N)C[C@@H]4C)ncn3)n[nH]c2cc1F,7.6,active
CHEMBL3891431,CC(C)Oc1cc2c(-c3cc(N4C[C@H](O)[C@@H](N)[C@@H]4C)ncn3)n[nH]c2cc1F,11.7,active
CHEMBL3929129,CC(C)Oc1cc2c(-c3cc(N4CCN(CCO)CC4)ncn3)n[nH]c2cc1F,1.65,active
CHEMBL3967326,CC(C)Oc1cc2c(-c3cc(N4CCN(S(=O)(=O)C5CC5)CC4)ncn3)n[nH]c2cc1F,4.17,active
CHEMBL3947673,CCC(=O)N1CCN(c2cc(-c3n[nH]c4cc(F)c(OC(C)C)cc34)ncn2)CC1,4.32,active
CHEMBL3902480,CC(C)Oc1cc2c(-c3cc(N4CCN(C(=O)C5CC5)CC4)ncn3)n[nH]c2cc1F,2.98,active
CHEMBL3891762,CCCN1CCN(c2cc(-c3n[nH]c4cc(F)c(OC(C)C)cc34)ncn2)CC1=O,2.77,active
CHEMBL3919816,COCCOC1CCN(c2cc(-c3n[nH]c4cc(F)c(OC(C)C)cc34)ncn2)CC1,2.1,active
CHEMBL3897231,CCS(=O)(=O)N1CCN(c2cc(-c3n[nH]c4cc(F)c(OC(C)C)cc34)ncn2)CC1,2.24,active
CHEMBL3928726,CC(C)Oc1cc2c(-c3cc(N4CCN(C(C)C)C(=O)C4)ncn3)n[nH]c2cc1F,3.09,active
CHEMBL3906191,CC(C)Oc1cc2c(-c3cc(N4CCN(C)C(=O)C4)ncn3)n[nH]c2cc1F,2.19,active
CHEMBL3934167,COCCN1CCN(c2cc(-c3n[nH]c4cc(F)c(OC(C)C)cc34)ncn2)CC1=O,1.63,active
CHEMBL3918740,CC(C)Oc1cc2c(-c3cc(N4C[C@H](C)N(C)[C@H](C)C4)ncn3)n[nH]c2cc1F,1.33,active
CHEMBL3953035,COc1ccc2[nH]nc(-c3cc(N4C[C@H](F)[C@@H](F)C4)ncn3)c2c1,68.6,active
CHEMBL3936066,COc1ccc2[nH]nc(-c3cc(N4C[C@H](C)O[C@H](C)C4)ncn3)c2c1,29.3,active
CHEMBL3908109,COc1ccc2[nH]nc(-c3cc(N4CCN(S(C)(=O)=O)CC4)ncn3)c2c1,35.4,active
CHEMBL3974533,COc1ccc2[nH]nc(-c3cc(N4CCN(C(C)=O)CC4)ncn3)c2c1,74.5,active
CHEMBL3951996,COc1ccc2[nH]nc(-c3cc(N4CC5CCC(C4)O5)ncn3)c2c1,148.2,intermediate
CHEMBL3921703,COc1ccc2[nH]nc(-c3cc(N4CCN(C)CC4)ncn3)c2c1,28.2,active
CHEMBL3914638,CCN1CCN(c2cc(-c3n[nH]c4ccc(OC)cc34)ncn2)CC1,24.3,active
CHEMBL3941371,COc1ccc2[nH]nc(-c3cc(N4CCN(C5CC5)CC4)ncn3)c2c1,25.9,active
CHEMBL3899059,COc1ccc2[nH]nc(-c3cc(N4CCNC(=O)C4)ncn3)c2c1,100.9,intermediate
CHEMBL3902574,CCN1CCN(c2cc(-c3n[nH]c4ccc(OC)cc34)ncn2)CC1=O,78.3,active
CHEMBL4111764,COc1ccc2[nH]nc(-c3cc(N4CCO[C@H](C)C4)ncn3)c2c1,28.5,active
CHEMBL3928556,COc1ccc2[nH]nc(-c3cc(N4CCO[C@@H](C)C4)ncn3)c2c1,76.9,active
CHEMBL3952806,CCOc1ccc2[nH]nc(-c3cc(N4CCN(S(C)(=O)=O)CC4)ncn3)c2c1,15.38,active
CHEMBL3978913,CCOc1ccc2[nH]nc(-c3cc(N4C[C@H](C)O[C@H](C)C4)ncn3)c2c1,12.75,active
CHEMBL3915967,CCOc1ccc2[nH]nc(-c3cc(N4C[C@H](F)[C@@H](F)C4)ncn3)c2c1,26.56,active
CHEMBL3977607,CCOc1ccc2[nH]nc(-c3cc(N4CCN(C)CC4)ncn3)c2c1,26.91,active
CHEMBL3918208,CCOc1ccc2[nH]nc(-c3cc(N4CCN(C5CC5)CC4)ncn3)c2c1,16.68,active
CHEMBL3891437,CCOc1ccc2[nH]nc(-c3cc(N4CCNC(=O)C4)ncn3)c2c1,63.85,active
CHEMBL3901531,CCOc1ccc2[nH]nc(-c3cc(N4CCN(C)C(=O)C4)ncn3)c2c1,37.13,active
CHEMBL3966268,CCOc1ccc2[nH]nc(-c3cc(N4CCN(CC)CC4)ncn3)c2c1,12.57,active
CHEMBL3891365,CCOc1ccc2[nH]nc(-c3cc(N4CCN(CC)C(=O)C4)ncn3)c2c1,16.7,active
CHEMBL3975412,CCOc1ccc2[nH]nc(-c3cc(N4CC5CCC(C4)O5)ncn3)c2c1,32.69,active
CHEMBL3942624,CCOc1ccc2[nH]nc(-c3cc(N4CCN(C(C)=O)CC4)ncn3)c2c1,18.0,active
CHEMBL4113764,CCOc1ccc2[nH]nc(-c3cc(N4CCO[C@H](C)C4)ncn3)c2c1,10.5,active
CHEMBL3937176,CCOc1ccc2[nH]nc(-c3cc(N4CCO[C@@H](C)C4)ncn3)c2c1,41.2,active
CHEMBL3898825,COCCOc1ccc2[nH]nc(-c3cc(N4CCN(S(C)(=O)=O)CC4)ncn3)c2c1,64.73,active
CHEMBL3965950,COCCOc1ccc2[nH]nc(-c3cc(N4C[C@H](C)O[C@H](C)C4)ncn3)c2c1,76.57,active
CHEMBL3980263,COCCOc1ccc2[nH]nc(-c3cc(N4C[C@H](F)[C@@H](F)C4)ncn3)c2c1,138.5,intermediate
CHEMBL3951349,COCCOc1ccc2[nH]nc(-c3cc(N4CCN(C)CC4)ncn3)c2c1,67.21,active
CHEMBL3892058,COCCOc1ccc2[nH]nc(-c3cc(N4CCN(C5CC5)CC4)ncn3)c2c1,97.04,active
CHEMBL3934846,COCCOc1ccc2[nH]nc(-c3cc(N4CCNC(=O)C4)ncn3)c2c1,135.6,intermediate
CHEMBL3936589,COCCOc1ccc2[nH]nc(-c3cc(N4CCN(C)C(=O)C4)ncn3)c2c1,69.01,active
CHEMBL3966383,CCN1CCN(c2cc(-c3n[nH]c4ccc(OCCOC)cc34)ncn2)CC1,96.99,active
CHEMBL3920983,CCN1CCN(c2cc(-c3n[nH]c4ccc(OCCOC)cc34)ncn2)CC1=O,107.1,intermediate
CHEMBL4108658,COCCOc1ccc2[nH]nc(-c3cc(N4CCO[C@H](C)C4)ncn3)c2c1,42.84,active
CHEMBL3922207,COCCOc1ccc2[nH]nc(-c3cc(N4CCO[C@@H](C)C4)ncn3)c2c1,100.7,intermediate
CHEMBL3949950,COCCOc1ccc2[nH]nc(-c3cc(N4CC5CCC(C4)O5)ncn3)c2c1,154.0,intermediate
CHEMBL3927621,COCCOc1ccc2[nH]nc(-c3cc(N4CCN(C(C)=O)CC4)ncn3)c2c1,127.5,intermediate
CHEMBL4113360,COC[C@@H](C)Oc1ccc2[nH]nc(-c3cc(N4CCOCC4)ncn3)c2c1,56.2,active
CHEMBL4114347,COC[C@@H](C)Oc1ccc2[nH]nc(-c3cc(N4C[C@H](C)O[C@H](C)C4)ncn3)c2c1,39.12,active
CHEMBL4111865,COC[C@@H](C)Oc1ccc2[nH]nc(-c3cc(N4CCO[C@H](C)C4)ncn3)c2c1,35.5,active
CHEMBL3912556,COC[C@H](C)Oc1ccc2[nH]nc(-c3cc(N4C[C@H](C)O[C@H](C)C4)ncn3)c2c1,1.7,active
CHEMBL3915899,COC[C@H](C)Oc1ccc2[nH]nc(-c3cc(N4CCN(S(C)(=O)=O)CC4)ncn3)c2c1,4.5,active
CHEMBL3907065,COC[C@H](C)Oc1ccc2[nH]nc(-c3cc(N4CCN(C)CC4)ncn3)c2c1,2.08,active
CHEMBL3935021,COC[C@H](C)Oc1ccc2[nH]nc(-c3cc(N4CC5CCC(C4)O5)ncn3)c2c1,9.93,active
CHEMBL3905784,COC[C@H](C)Oc1ccc2[nH]nc(-c3cc(N4CCC5(CCC(=O)N5)CC4)ncn3)c2c1,4.36,active
CHEMBL3930335,COC[C@H](C)Oc1ccc2[nH]nc(-c3cc(N4CCC5(CC4)CC(=O)N(C)C5)ncn3)c2c1,2.87,active
CHEMBL3893371,COC[C@H](C)Oc1ccc2[nH]nc(-c3cc(N4CCC5(CC4)CNC(=O)C5)ncn3)c2c1,2.85,active
CHEMBL3971726,COC[C@H](C)Oc1ccc2[nH]nc(-c3cc(N4CC[C@@H](OC)C4)ncn3)c2c1,4.8,active
CHEMBL3975433,COC[C@H](C)Oc1ccc2[nH]nc(-c3cc(N4CC[C@H](OC)C4)ncn3)c2c1,5.27,active
CHEMBL3903923,COC[C@H](C)Oc1ccc2[nH]nc(-c3cc(N4CCC5(CCCO5)CC4)ncn3)c2c1,2.02,active
CHEMBL3964546,COC[C@H](C)Oc1ccc2[nH]nc(-c3cc(N4CCC5(CCN(C)C5=O)CC4)ncn3)c2c1,3.71,active
CHEMBL3939653,COC[C@H](C)Oc1ccc2[nH]nc(-c3cc(N4CCC5(CCNC5=O)CC4)ncn3)c2c1,2.83,active
CHEMBL4114340,COC[C@H](C)Oc1ccc2[nH]nc(-c3cc(N4CCO[C@H](C)C4)ncn3)c2c1,2.79,active
CHEMBL3895733,c1cnc(-c2ccc3[nH]nc(-c4cc(N5CCOCC5)ncn4)c3c2)cn1,34.7,active
CHEMBL3959561,CS(=O)(=O)N1CCN(c2cc(-c3n[nH]c4ccc(-c5cnccn5)cc34)ncn2)CC1,19.2,active
CHEMBL3900243,CC(C)Oc1ccc2[nH]nc(-c3cc(N4CCC(O)CC4)ncn3)c2c1,5.9,active
CHEMBL3967517,CC(C)Oc1ccc2[nH]nc(-c3cc(N4CCN(CCO)CC4)ncn3)c2c1,7.4,active
CHEMBL3952422,CC(C)Oc1ccc2[nH]nc(-c3cc(N4CCCCC4)ncn3)c2c1,10.6,active
CHEMBL3936351,CC(C)Oc1ccc2[nH]nc(-c3cc(N4CCC4)ncn3)c2c1,7.9,active
CHEMBL3966175,CC(C)Oc1ccc2[nH]nc(-c3cc(N4CCCC4)ncn3)c2c1,13.9,active
CHEMBL3948696,CC(C)Oc1ccc2[nH]nc(-c3cc(N4C[C@H](C)O[C@H](C)C4)ncn3)c2c1,7.8,active
CHEMBL3974673,CC(C)Oc1ccc2[nH]nc(-c3cc(N4C[C@H](O)[C@@H](N(C)C)C4)ncn3)c2c1,15.3,active
CHEMBL3952572,CC(C)Oc1ccc2[nH]nc(-c3cc(N4C[C@H](F)[C@@H](F)C4)ncn3)c2c1,11.1,active
CHEMBL3895621,CC(C)Oc1ccc2[nH]nc(-c3cc(N4CCCN(S(C)(=O)=O)CC4)ncn3)c2c1,51.3,active
CHEMBL3915912,CC(C)Oc1ccc2[nH]nc(-c3cc(N4CC(n5cccn5)C4)ncn3)c2c1,22.6,active
CHEMBL3956173,CC(C)Oc1ccc2[nH]nc(-c3cc(N4CCc5oc(C6CC6)nc5C4)ncn3)c2c1,30.1,active
CHEMBL3897367,CC(C)Oc1ccc2[nH]nc(-c3cc(N4CC(S(C)(=O)=O)C4)ncn3)c2c1,13.3,active
CHEMBL3919965,CC(C)Oc1ccc2[nH]nc(-c3cc(N4CCN(C)CC4)ncn3)c2c1,5.4,active
CHEMBL3891915,CC(C)Oc1ccc2[nH]nc(-c3cc(N4CC(F)(F)C4)ncn3)c2c1,24.3,active
CHEMBL3972965,CCc1nnc2n1CCN(c1cc(-c3n[nH]c4ccc(OC(C)C)cc34)ncn1)C2,8.6,active
CHEMBL3946828,CC(C)Oc1ccc2[nH]nc(-c3cc(N4CCc5nc(C6CC6)oc5C4)ncn3)c2c1,43.0,active
CHEMBL3934311,CC(C)Oc1ccc2[nH]nc(-c3cc(N4CCN(c5nnc(C6CC6)o5)CC4)ncn3)c2c1,14.0,active
CHEMBL3906334,Cc1noc(C2CN(c3cc(-c4n[nH]c5ccc(OC(C)C)cc45)ncn3)C2)n1,9.3,active
CHEMBL3895380,CC(C)Oc1ccc2[nH]nc(-c3cc(N4CC(n5cnnc5)C4)ncn3)c2c1,20.1,active
CHEMBL3960834,CC(C)Oc1ccc2[nH]nc(-c3cc(N4CCN(c5ccncn5)CC4)ncn3)c2c1,15.8,active
CHEMBL4112183,CC(C)Oc1ccc2[nH]nc(-c3cc(N4CC[C@@H](F)C4)ncn3)c2c1,8.7,active
CHEMBL3934534,CC(C)Oc1ccc2[nH]nc(-c3cc(N4CC[C@H](F)C4)ncn3)c2c1,9.5,active
CHEMBL3955983,CC(C)NC(=O)CN1CCN(c2cc(-c3n[nH]c4ccc(OC(C)C)cc34)ncn2)CC1,5.1,active
CHEMBL3944894,CC(C)Oc1ccc2[nH]nc(-c3cc(N4CCN(C(=O)c5ccco5)CC4)ncn3)c2c1,8.7,active
CHEMBL3923675,CCN1CCN(c2cc(-c3n[nH]c4ccc(OC(C)C)cc34)ncn2)CC1,6.0,active
CHEMBL3939517,COC1CCCN(c2cc(-c3n[nH]c4ccc(OC(C)C)cc34)ncn2)C1,12.7,active
CHEMBL3968954,CC(=O)N1CCN(c2cc(-c3n[nH]c4ccc(OC(C)C)cc34)ncn2)CC1,11.2,active
CHEMBL3932856,CC(C)Oc1ccc2[nH]nc(-c3cc(N4CCN(C(=O)C5CCCO5)CC4)ncn3)c2c1,58.1,active
CHEMBL3956871,CC(C)Oc1ccc2[nH]nc(-c3cc(N4CCN(c5ncccn5)CC4)ncn3)c2c1,11.8,active
CHEMBL3916009,CC(C)Oc1ccc2[nH]nc(-c3cc(N4CCC(C#N)CC4)ncn3)c2c1,7.2,active
CHEMBL3985770,COC(=O)N1CCN(c2cc(-c3n[nH]c4ccc(OC(C)C)cc34)ncn2)CC1,10.2,active
CHEMBL3952858,CC(C)Oc1ccc2[nH]nc(-c3cc(N4CCC(n5ccnc5)C4)ncn3)c2c1,11.3,active
CHEMBL3929312,CC(C)Oc1ccc2[nH]nc(-c3cc(N4CCC(O)(C(F)(F)F)CC4)ncn3)c2c1,10.5,active
CHEMBL3901579,CC(C)Oc1ccc2[nH]nc(-c3cc(N4CCCC(C(C)(C)O)C4)ncn3)c2c1,6.9,active
CHEMBL3972675,CC(C)Oc1ccc2[nH]nc(-c3cc(N4CCC(n5cccn5)CC4)ncn3)c2c1,15.3,active
CHEMBL3918499,CC(C)Oc1ccc2[nH]nc(-c3cc(N4CCC(CF)C4)ncn3)c2c1,6.9,active
CHEMBL3977651,CC(C)Oc1ccc2[nH]nc(-c3cc(N4CCN(Cc5ccncc5)CC4)ncn3)c2c1,8.2,active
CHEMBL3926553,CC(C)Oc1ccc2[nH]nc(-c3cc(N4CCN(c5cnn(C)c5)CC4)ncn3)c2c1,5.4,active
CHEMBL3951760,CC(C)Oc1ccc2[nH]nc(-c3cc(N4CCC(C(C)(C)O)CC4)ncn3)c2c1,5.4,active
CHEMBL3922687,CC(C)Oc1ccc2[nH]nc(-c3cc(N4CCn5nc(C6CC6)nc5C4)ncn3)c2c1,18.2,active
CHEMBL3950409,CC(C)Oc1ccc2[nH]nc(-c3cc(N4CCC(F)(CO)CC4)ncn3)c2c1,6.3,active
CHEMBL3928101,CC(C)Oc1ccc2[nH]nc(-c3cc(N4CCN(c5nncs5)CC4)ncn3)c2c1,17.0,active
CHEMBL3937091,Cn1cc(-c2cc3c(-c4cc(N5CCn6ncnc6C5)ncn4)n[nH]c3cc2F)cn1,63.9,active
CHEMBL4111097,Cn1cc(-c2cc3c(-c4cc(N5CC[C@H](CF)C5)ncn4)n[nH]c3cc2F)cn1,13.6,active
CHEMBL3949412,Cn1cc(-c2cc3c(-c4cc(N5CCCC(F)(F)C5)ncn4)n[nH]c3cc2F)cn1,23.4,active
CHEMBL4107324,Cn1cc(-c2cc3c(-c4cc(N5CC[C@@H](CO)C5)ncn4)n[nH]c3cc2F)cn1,36.8,active
CHEMBL3955813,Cn1cc(-c2cc3c(-c4cc(N5CC[C@H](CO)C5)ncn4)n[nH]c3cc2F)cn1,37.0,active
CHEMBL3984432,Cn1cc(-c2cc3c(-c4cc(N5CCC(F)(F)C5)ncn4)n[nH]c3cc2F)cn1,70.9,active
CHEMBL3965207,Cn1cc(-c2cc3c(-c4cc(N5CCCC(C)(O)C5)ncn4)n[nH]c3cc2F)cn1,67.5,active
CHEMBL3981708,Cn1cc(-c2cc3c(-c4cc(N5CC[S+]([O-])CC5)ncn4)n[nH]c3cc2F)cn1,130.7,intermediate
CHEMBL3910461,CN1CCN(c2cc(-c3n[nH]c4cc(F)c(-c5cnn(C)c5)cc34)ncn2)CC1=O,37.7,active
CHEMBL3970331,Cn1cc(-c2cc3c(-c4cc(N5CCc6oncc6C5)ncn4)n[nH]c3cc2F)cn1,453.3,inactive
CHEMBL3893775,Cn1cc(-c2cc3c(-c4cc(N5CCN(C6CC6)CC5)ncn4)n[nH]c3cc2F)cn1,17.7,active
CHEMBL3959252,C[C@H]1CN(c2cc(-c3n[nH]c4cc(F)c(-c5cnn(C)c5)cc34)ncn2)CCO1,26.5,active
CHEMBL4113317,C[C@@H]1CN(c2cc(-c3n[nH]c4cc(F)c(-c5cnn(C)c5)cc34)ncn2)CCO1,20.5,active
CHEMBL4108829,Cn1cc(-c2cc3c(-c4cc(N5C[C@@H](F)[C@H](F)C5)ncn4)n[nH]c3cc2F)cn1,29.9,active
CHEMBL3981913,Cn1cc(-c2cc3c(-c4cc(N5CCCC6(CCO6)C5)ncn4)n[nH]c3cc2F)cn1,398.1,inactive
CHEMBL3945269,Cn1cc(-c2cc3c(-c4cc(N5CCC(n6cccn6)C5)ncn4)n[nH]c3cc2F)cn1,73.5,active
CHEMBL3922487,Cc1nc2c(o1)CCN(c1cc(-c3n[nH]c4cc(F)c(-c5cnn(C)c5)cc34)ncn1)C2,53.4,active
CHEMBL3953662,Cn1cc(-c2cc3c(-c4cc(N5CCN6C(=O)OCC6C5)ncn4)n[nH]c3cc2F)cn1,64.2,active
CHEMBL3917028,Cn1cc(-c2cc3c(-c4cc(N5CCC(F)(C#N)CC5)ncn4)n[nH]c3cc2F)cn1,39.4,active
CHEMBL4106502,CO[C@@H]1CN(c2cc(-c3n[nH]c4cc(F)c(-c5cnn(C)c5)cc34)ncn2)C[C@H]1O,36.2,active
CHEMBL4107319,CN(C)[C@@H]1CN(c2cc(-c3n[nH]c4cc(F)c(-c5cnn(C)c5)cc34)ncn2)C[C@H]1O,67.1,active
CHEMBL3901594,Cn1cc(-c2cc3c(-c4cc(N5CCS(=O)(=O)CC5)ncn4)n[nH]c3cc2F)cn1,145.9,intermediate
CHEMBL3931403,Cn1cc(-c2cc3c(-c4cc(N5CCC(F)(CO)CC5)ncn4)n[nH]c3cc2F)cn1,15.3,active
CHEMBL4107416,CN(C)[C@@H]1CCN(c2cc(-c3n[nH]c4cc(F)c(-c5cnn(C)c5)cc34)ncn2)C1,58.0,active
CHEMBL3930214,Cn1cc(-c2cc3c(-c4cc(N5CCN(CCCO)CC5)ncn4)n[nH]c3cc2F)cn1,12.6,active
CHEMBL3961170,Cn1cc(-c2cc3c(-c4cc(N5CCc6nccnc6C5)ncn4)n[nH]c3cc2F)cn1,11.1,active
CHEMBL4107947,CO[C@@H]1CCN(c2cc(-c3n[nH]c4ccc(-c5cnn(C)c5)cc34)ncn2)C1,4.0,active
CHEMBL3939048,Cn1cc(-c2ccc3[nH]nc(-c4cc(N5CCCC(F)(F)C5)ncn4)c3c2)cn1,2.2,active
CHEMBL3907548,Cn1cc(-c2ccc3[nH]nc(-c4cc(N5CCn6ncnc6C5)ncn4)c3c2)cn1,8.5,active
CHEMBL3944448,Cn1cc(-c2ccc3[nH]nc(-c4cc(N5CC[C@@H](CF)C5)ncn4)c3c2)cn1,2.3,active
CHEMBL3900844,Cn1cc(-c2ccc3[nH]nc(-c4cc(N5CC[C@H](CO)C5)ncn4)c3c2)cn1,2.5,active
CHEMBL3925366,CC(O)C1CCN(c2cc(-c3n[nH]c4ccc(-c5cnn(C)c5)cc34)ncn2)C1,2.3,active
CHEMBL4113045,Cn1cc(-c2ccc3[nH]nc(-c4cc(N5CC[C@@H](CO)C5)ncn4)c3c2)cn1,2.9,active
CHEMBL3984695,Cn1cc(-c2ccc3[nH]nc(-c4cc(N5CCCC(C)(O)C5)ncn4)c3c2)cn1,7.9,active
CHEMBL4110232,C[C@@H]1CN(c2cc(-c3n[nH]c4ccc(-c5cnn(C)c5)cc34)ncn2)CCO1,1.9,active
CHEMBL3902073,CO[C@H]1CCN(c2cc(-c3n[nH]c4ccc(-c5cnn(C)c5)cc34)ncn2)C1,2.6,active
CHEMBL3980373,Cn1cc(-c2ccc3[nH]nc(-c4cc(N5CC[S+]([O-])CC5)ncn4)c3c2)cn1,26.8,active
CHEMBL3909904,C[C@H]1CN(c2cc(-c3n[nH]c4ccc(-c5cnn(C)c5)cc34)ncn2)CCO1,2.2,active
CHEMBL3894658,Cn1cc(-c2ccc3[nH]nc(-c4cc(N5C[C@H](F)[C@@H](F)C5)ncn4)c3c2)cn1,3.8,active
CHEMBL3895725,Cc1nc2c(o1)CCN(c1cc(-c3n[nH]c4ccc(-c5cnn(C)c5)cc34)ncn1)C2,2.8,active
CHEMBL3967017,Cn1cc(-c2ccc3[nH]nc(-c4cc(N5CCN6C(=O)OCC6C5)ncn4)c3c2)cn1,6.3,active
CHEMBL3904679,Cn1cc(-c2ccc3[nH]nc(-c4cc(N5CCCC6(CCO6)C5)ncn4)c3c2)cn1,10.9,active
CHEMBL3972322,CN(C)[C@H]1CN(c2cc(-c3n[nH]c4ccc(-c5cnn(C)c5)cc34)ncn2)C[C@@H]1O,13.5,active
CHEMBL3975424,Cn1cc(-c2ccc3[nH]nc(-c4cc(N5CCS(=O)(=O)CC5)ncn4)c3c2)cn1,22.4,active
CHEMBL3946083,CN(C)[C@H]1CCN(c2cc(-c3n[nH]c4ccc(-c5cnn(C)c5)cc34)ncn2)C1,4.6,active
CHEMBL3948540,Cn1cc(-c2ccc3[nH]nc(-c4cc(N5CCOC(C)(C)C5)ncn4)c3c2)cn1,8.9,active
CHEMBL3911917,Cn1cc(-c2ccc3[nH]nc(-c4cc(N5CCC(F)(F)CC5)ncn4)c3c2)cn1,4.6,active
CHEMBL3973863,Cn1cc(-c2ccc3[nH]nc(-c4cc(N5CCC(n6cccn6)C5)ncn4)c3c2)cn1,3.6,active
CHEMBL3902903,CO[C@H]1CN(c2cc(-c3n[nH]c4ccc(-c5cnn(C)c5)cc34)ncn2)C[C@@H]1O,6.0,active
CHEMBL3962905,Cn1cc(-c2ccc3[nH]nc(-c4cc(N5CCC(F)(CO)CC5)ncn4)c3c2)cn1,2.9,active
CHEMBL3897407,Cn1cc(-c2ccc3[nH]nc(-c4cc(N5CCN(CCCO)CC5)ncn4)c3c2)cn1,3.0,active
CHEMBL3957537,Cn1cc(-c2ccc3[nH]nc(-c4cc(N5CCC(F)(F)C5)ncn4)c3c2)cn1,3.7,active
CHEMBL3986234,Cn1cc(-c2ccc3[nH]nc(-c4cc(N5CCC(F)(C#N)CC5)ncn4)c3c2)cn1,3.0,active
CHEMBL3964035,Cn1cc(-c2ccc3[nH]nc(-c4cc(N5CCc6nccnc6C5)ncn4)c3c2)cn1,2.7,active
CHEMBL3955624,CC(C)Oc1cc2c(-c3cc(N4CCn5ncnc5C4)ncn3)n[nH]c2cc1F,7.1,active
CHEMBL3931530,COCC(=O)N1CCN(c2cc(-c3n[nH]c4cc(F)c(OC(C)C)cc34)ncn2)CC1,5.6,active
CHEMBL3946914,CC(C)Oc1cc2c(-c3cc(N4CCOC(C(F)(F)F)C4)ncn3)n[nH]c2cc1F,26.6,active
CHEMBL3919113,CC(C)Oc1cc2c(-c3cc(N4CCN(C5CCS(=O)(=O)C5)CC4)ncn3)n[nH]c2cc1F,2.5,active
CHEMBL3941596,CC(C)Oc1cc2c(-c3cc(N4CCn5nc(C(F)(F)F)nc5C4C)ncn3)n[nH]c2cc1F,176.0,intermediate
CHEMBL3904489,CC(C)Oc1cc2c(-c3cc(N4CC[C@H](CO)C4)ncn3)n[nH]c2cc1F,10.2,active
CHEMBL4106457,CC(C)Oc1cc2c(-c3cc(N4CC[C@@H](CO)C4)ncn3)n[nH]c2cc1F,2.9,active
CHEMBL3975329,CC(C)Oc1cc2c(-c3cc(N4CCC(F)(F)C4)ncn3)n[nH]c2cc1F,6.1,active
CHEMBL3892022,CC(C)Oc1cc2c(-c3cc(N4CC[S+]([O-])CC4)ncn3)n[nH]c2cc1F,6.1,active
CHEMBL3966843,CC(C)Oc1cc2c(-c3cc(N4CCc5oncc5C4)ncn3)n[nH]c2cc1F,9.8,active
CHEMBL3968354,CC(C)Oc1cc2c(-c3cc(N4C5CCC4COC5)ncn3)n[nH]c2cc1F,18.2,active
CHEMBL3897235,COCC1CN(c2cc(-c3n[nH]c4cc(F)c(OC(C)C)cc34)ncn2)CCO1,2.9,active
CHEMBL3973695,CC(C)Oc1cc2c(-c3cc(N4CCC(n5cccn5)C4)ncn3)n[nH]c2cc1F,6.1,active
CHEMBL3934301,Cc1nc2c(o1)CCN(c1cc(-c3n[nH]c4cc(F)c(OC(C)C)cc34)ncn1)C2,6.4,active
CHEMBL3911871,CC(C)Oc1cc2c(-c3cc(N4CCOC(C)(C)C4)ncn3)n[nH]c2cc1F,6.2,active
CHEMBL3939844,CC(C)Oc1cc2c(-c3cc(N4CCC(F)(C#N)CC4)ncn3)n[nH]c2cc1F,17.7,active
CHEMBL3924286,CO[C@H]1CN(c2cc(-c3n[nH]c4cc(F)c(OC(C)C)cc34)ncn2)C[C@@H]1O,7.7,active
CHEMBL3948602,CC(C)Oc1cc2c(-c3cc(N4C[C@H](O)[C@@H](N(C)C)C4)ncn3)n[nH]c2cc1F,7.9,active
CHEMBL3930912,CC(C)Oc1cc2c(-c3cc(N4CCS(=O)(=O)CC4)ncn3)n[nH]c2cc1F,24.0,active
CHEMBL3958420,CC(C)Oc1cc2c(-c3cc(N4CCC(F)(CO)CC4)ncn3)n[nH]c2cc1F,2.3,active
CHEMBL3917046,CCOC(=O)N1CCN(c2cc(-c3n[nH]c4cc(F)c(OC(C)C)cc34)ncn2)CC1,6.1,active
CHEMBL3986785,CC(C)Oc1cc2c(-c3cc(N4CC[C@H](N(C)C)C4)ncn3)n[nH]c2cc1F,7.0,active
CHEMBL3926035,CC(C)Oc1cc2c(-c3cc(N4CCN(CCCO)CC4)ncn3)n[nH]c2cc1F,3.1,active
CHEMBL4113347,CC(C)Oc1cc2c(-c3cc(N4[C@H](C)COC[C@H]4C)ncn3)n[nH]c2cc1F,62.1,active
CHEMBL3946153,CC(C)Oc1cc2c(-c3cc(N4[C@@H](C)COC[C@H]4C)ncn3)n[nH]c2cc1F,5.4,active
CHEMBL3940460,COC[C@H](C)Oc1ccc2[nH]nc(-c3cc(N4CCn5ncnc5C4)ncn3)c2c1,20.2,active
CHEMBL4108202,COC[C@H](C)Oc1ccc2[nH]nc(-c3cc(N4CCOC[C@H]4C)ncn3)c2c1,20.2,active
CHEMBL3950303,COC[C@H](C)Oc1ccc2[nH]nc(-c3cc(N4CC[C@@H](CF)C4)ncn3)c2c1,2.7,active
CHEMBL3922591,COC[C@H](C)Oc1ccc2[nH]nc(-c3cc(N4CCCC(F)(F)C4)ncn3)c2c1,2.8,active
CHEMBL3984978,COC[C@H](C)Oc1ccc2[nH]nc(-c3cc(N4CCOC(C(F)(F)F)C4)ncn3)c2c1,8.6,active
CHEMBL3890121,COC[C@H](C)Oc1ccc2[nH]nc(-c3cc(N4CC[C@H](CO)C4)ncn3)c2c1,6.0,active
CHEMBL3980002,COC[C@H](C)Oc1ccc2[nH]nc(-c3cc(N4CC[C@@H](CO)C4)ncn3)c2c1,3.6,active
CHEMBL3909835,COC[C@H](C)Oc1ccc2[nH]nc(-c3cc(N4CCC(F)(F)C4)ncn3)c2c1,12.6,active
CHEMBL3908720,COC[C@H](C)Oc1ccc2[nH]nc(-c3cc(N4CCN(C)C(=O)C4)ncn3)c2c1,10.9,active
CHEMBL3933137,COC[C@H](C)Oc1ccc2[nH]nc(-c3cc(N4CC(OC)C4)ncn3)c2c1,5.6,active
CHEMBL3896174,COC[C@H](C)Oc1ccc2[nH]nc(-c3cc(N4CCN(C5CC5)CC4)ncn3)c2c1,4.1,active
CHEMBL3924185,COC[C@H](C)Oc1ccc2[nH]nc(-c3cc(N4C[C@H](F)[C@@H](F)C4)ncn3)c2c1,7.9,active
CHEMBL3920769,COCC1CN(c2cc(-c3n[nH]c4ccc(O[C@@H](C)COC)cc34)ncn2)CCO1,3.6,active
CHEMBL3954935,COC[C@H](C)Oc1ccc2[nH]nc(-c3cc(N4CC(F)(F)C4)ncn3)c2c1,7.6,active
CHEMBL3985716,COC[C@H](C)Oc1ccc2[nH]nc(-c3cc(N4[C@@H](C)COC[C@H]4C)ncn3)c2c1,7.4,active
CHEMBL3953703,COC[C@H](C)Oc1ccc2[nH]nc(-c3cc(N4CCOC[C@@H]4C)ncn3)c2c1,6.0,active
CHEMBL3914466,COC[C@H](C)Oc1ccc2[nH]nc(-c3cc(N4CCc5oc(C)nc5C4)ncn3)c2c1,8.4,active
CHEMBL3951097,COC[C@H](C)Oc1ccc2[nH]nc(-c3cc(N4CCOC(C)(C)C4)ncn3)c2c1,5.3,active
CHEMBL3963980,COC[C@H](C)Oc1ccc2[nH]nc(-c3cc(N4CCC(F)(F)CC4)ncn3)c2c1,8.0,active
CHEMBL3933018,COC[C@H](C)Oc1ccc2[nH]nc(-c3cc(N4CCN5C(=O)OCC5C4)ncn3)c2c1,8.8,active
CHEMBL3893444,COC[C@H](C)Oc1ccc2[nH]nc(-c3cc(N4C[C@H](O)[C@@H](OC)C4)ncn3)c2c1,19.8,active
CHEMBL3962458,COC[C@H](C)Oc1ccc2[nH]nc(-c3cc(N4C[C@H](O)[C@@H](N(C)C)C4)ncn3)c2c1,6.6,active
CHEMBL3964216,COC[C@H](C)Oc1ccc2[nH]nc(-c3cc(N4CCC5(CC4)CNC(=O)CO5)ncn3)c2c1,3.5,active
CHEMBL3942557,N#Cc1cc(-c2ccc3[nH]nc(-c4cc(N5CCOCC5)ncn4)c3c2)ccn1,340.1,inactive
CHEMBL3932528,c1nc(-c2n[nH]c3ccc(-c4ccc5ncnn5c4)cc23)cc(N2CCOCC2)n1,192.7,intermediate
CHEMBL3940938,c1cc(-c2ccc3[nH]nc(-c4cc(N5CCOCC5)ncn4)c3c2)ccn1,96.7,active
CHEMBL3925427,Cc1noc(C)c1-c1ccc2[nH]nc(-c3cc(N4CCOCC4)ncn3)c2c1,48.7,active
CHEMBL3949695,c1ncc(-c2ccc3[nH]nc(-c4cc(N5CCOCC5)ncn4)c3c2)cn1,40.7,active
CHEMBL3898450,N#Cc1ccc(-c2ccc3[nH]nc(-c4cc(N5CCOCC5)ncn4)c3c2)cc1,149.8,intermediate
CHEMBL3926502,N#Cc1cccc(-c2ccc3[nH]nc(-c4cc(N5CCOCC5)ncn4)c3c2)c1,81.3,active
CHEMBL3903928,CCN(CC)C(=O)c1ccc(-c2ccc3[nH]nc(-c4cc(N5CCOCC5)ncn4)c3c2)cc1,607.5,inactive
CHEMBL3935418,O=S(=O)(c1ccc(-c2ccc3[nH]nc(-c4cc(N5CCOCC5)ncn4)c3c2)cc1)N1CCCC1,914.4,inactive
CHEMBL3946347,COc1cnc(-c2ccc3[nH]nc(-c4cc(N5CCOCC5)ncn4)c3c2)cn1,271.5,intermediate
CHEMBL3975665,COc1cncc(-c2ccc3[nH]nc(-c4cc(N5CCOCC5)ncn4)c3c2)n1,18.3,active
CHEMBL3909057,c1nc(-c2n[nH]c3ccc(-c4ccc5nncn5c4)cc23)cc(N2CCOCC2)n1,56.1,active
CHEMBL3979339,Cn1nccc1-c1ccc2[nH]nc(-c3cc(N4CCOCC4)ncn3)c2c1,45.7,active
CHEMBL3917993,COc1ncccc1-c1ccc2[nH]nc(-c3cc(N4CCOCC4)ncn3)c2c1,37.7,active
CHEMBL3893499,Cc1nocc1-c1ccc2[nH]nc(-c3cc(N4CCOCC4)ncn3)c2c1,59.0,active
CHEMBL3922699,COCCn1cc(-c2ccc3[nH]nc(-c4cc(N5CCOCC5)ncn4)c3c2)cn1,1.5,active
CHEMBL3894715,COc1ccc(-c2ccc3[nH]nc(-c4cc(N5CCOCC5)ncn4)c3c2)cn1,31.2,active
CHEMBL3903521,O=C(NCCO)c1ccc(-c2ccc3[nH]nc(-c4cc(N5CCOCC5)ncn4)c3c2)cc1,153.6,intermediate
CHEMBL3900144,C[C@H]1CN(c2cc(-c3n[nH]c4ccc(-c5ccc6ncnn6c5)cc34)ncn2)C[C@@H](C)O1,240.1,intermediate
CHEMBL3959543,COc1ncccc1-c1ccc2[nH]nc(-c3cc(N4C[C@H](C)O[C@H](C)C4)ncn3)c2c1,158.5,intermediate
CHEMBL3972366,C[C@H]1CN(c2cc(-c3n[nH]c4ccc(-c5ccnn5C)cc34)ncn2)C[C@@H](C)O1,32.1,active
CHEMBL3958879,Cc1cncc(-c2ccc3[nH]nc(-c4cc(N5C[C@H](C)O[C@H](C)C5)ncn4)c3c2)c1,2.2,active
CHEMBL3984092,Cc1nocc1-c1ccc2[nH]nc(-c3cc(N4C[C@H](C)O[C@H](C)C4)ncn3)c2c1,40.0,active
CHEMBL3946757,C[C@H]1CN(c2cc(-c3n[nH]c4ccc(-c5ccncc5)cc34)ncn2)C[C@@H](C)O1,49.5,active
CHEMBL3976073,COc1cnc(-c2ccc3[nH]nc(-c4cc(N5C[C@H](C)O[C@H](C)C5)ncn4)c3c2)cn1,63.4,active
CHEMBL3967666,C[C@H]1CN(c2cc(-c3n[nH]c4ccc(-c5cncnc5)cc34)ncn2)C[C@@H](C)O1,30.3,active
CHEMBL3971024,COc1ccc(-c2ccc3[nH]nc(-c4cc(N5C[C@H](C)O[C@H](C)C5)ncn4)c3c2)cn1,41.1,active
CHEMBL3960093,COc1cncc(-c2ccc3[nH]nc(-c4cc(N5C[C@H](C)O[C@H](C)C5)ncn4)c3c2)n1,2.4,active
CHEMBL3891016,C[C@H]1CN(c2cc(-c3n[nH]c4ccc(-c5ccnc(C#N)c5)cc34)ncn2)C[C@@H](C)O1,171.7,intermediate
CHEMBL3951356,Cc1ncc(-c2ccc3[nH]nc(-c4cc(N5C[C@H](C)O[C@H](C)C5)ncn4)c3c2)nc1C,17.4,active
CHEMBL3977201,C[C@H]1CN(c2cc(-c3n[nH]c4ccc(-c5cnc(N6CCCC6)s5)cc34)ncn2)C[C@@H](C)O1,7.6,active
CHEMBL3915706,COCCn1cc(-c2ccc3[nH]nc(-c4cc(N5C[C@H](C)O[C@H](C)C5)ncn4)c3c2)cn1,1.8,active
CHEMBL3943668,COc1cc(-c2ccc3[nH]nc(-c4cc(N5C[C@H](C)O[C@H](C)C5)ncn4)c3c2)ccn1,155.1,intermediate
CHEMBL3928159,C[C@H]1CN(c2cc(-c3n[nH]c4ccc(-c5ccc6nncn6c5)cc34)ncn2)C[C@@H](C)O1,60.6,active
CHEMBL3952380,C[C@H]1CN(c2cc(-c3n[nH]c4ccc(-c5ccc(C(=O)NCCO)cc5)cc34)ncn2)C[C@@H](C)O1,77.0,active
CHEMBL3901269,C[C@H]1CN(c2cc(-c3n[nH]c4ccc(-c5ccc(C#N)cc5)cc34)ncn2)C[C@@H](C)O1,177.4,intermediate
CHEMBL3929219,C[C@H]1CN(c2cc(-c3n[nH]c4ccc(-c5cccc(C#N)c5)cc34)ncn2)C[C@@H](C)O1,47.9,active
CHEMBL3895440,CCN(CC)C(=O)c1ccc(-c2ccc3[nH]nc(-c4cc(N5C[C@H](C)O[C@H](C)C5)ncn4)c3c2)cc1,847.1,inactive
CHEMBL4114714,CC(C)=Cc1ccc2[nH]nc(-c3cc(N4CCO[C@H](C)C4)ncn3)c2c1,16.4,active
CHEMBL3978210,CC(C)=Cc1ccc2[nH]nc(-c3cc(N4CCN(S(C)(=O)=O)CC4)ncn3)c2c1,28.8,active
CHEMBL3931039,CC(C)=Cc1ccc2[nH]nc(-c3cc(N4CCN(C)CC4)ncn3)c2c1,32.9,active
CHEMBL3899511,CC(C)=Cc1ccc2[nH]nc(-c3cc(N4CCN(C)C(=O)C4)ncn3)c2c1,36.2,active
CHEMBL3890072,CC(C)=Cc1ccc2[nH]nc(-c3cc(N4C[C@H](C)O[C@H](C)C4)ncn3)c2c1,20.3,active
CHEMBL3894116,CC(C)=Cc1ccc2[nH]nc(-c3cc(N4CCOCC4)ncn3)c2c1,16.4,active
CHEMBL3932912,c1cncc(-c2ccc3[nH]nc(-c4cc(N5CCOCC5)ncn4)c3c2)c1,5.5,active
CHEMBL3921038,CS(=O)(=O)N1CCN(c2cc(-c3n[nH]c4ccc(-c5cccnc5)cc34)ncn2)CC1,7.3,active
CHEMBL3906216,FC1(F)CCN(c2cc(-c3n[nH]c4ccc(-c5ccoc5)cc34)ncn2)CC1,86.2,active
CHEMBL3897489,FC1(F)CCN(c2cc(-c3n[nH]c4ccc(-c5ccsc5)cc34)ncn2)CC1,347.8,inactive
CHEMBL3984439,FC1(F)CCN(c2cc(-c3n[nH]c4ccc(C5=CCNCC5)cc34)ncn2)CC1,119.7,intermediate
CHEMBL3933792,COc1ccncc1-c1ccc2[nH]nc(-c3cc(N4CCC(F)(F)CC4)ncn3)c2c1,6.66,active
CHEMBL3936325,CC1(C)CC(=O)C=C(c2ccc3[nH]nc(-c4cc(N5CCC(F)(F)CC5)ncn4)c3c2)C1,7.08,active
CHEMBL3927749,FC1(F)CCN(c2cc(-c3n[nH]c4ccc(-c5cc[nH]n5)cc34)ncn2)CC1,2.16,active
CHEMBL3923796,FC1(F)CCN(c2cc(-c3n[nH]c4ccc(-c5cn[nH]c5)cc34)ncn2)CC1,5.69,active
CHEMBL3954911,c1nc(-c2n[nH]c3ccc(-c4ccoc4)cc23)cc(N2CCOCC2)n1,19.01,active
CHEMBL3980416,c1nc(-c2n[nH]c3ccc(-c4ccsc4)cc23)cc(N2CCOCC2)n1,36.4,active
CHEMBL3942757,Cc1ncc(-c2ccc3[nH]nc(-c4cc(N5CCOCC5)ncn4)c3c2)s1,2.2,active
CHEMBL3972368,CC1(C)CC(=O)C=C(c2ccc3[nH]nc(-c4cc(N5CCOCC5)ncn4)c3c2)C1,1.63,active
CHEMBL3968941,C1=C(c2ccc3[nH]nc(-c4cc(N5CCOCC5)ncn4)c3c2)CCNC1,71.6,active
CHEMBL3960072,COc1ccncc1-c1ccc2[nH]nc(-c3cc(N4CCOCC4)ncn3)c2c1,1.72,active
CHEMBL3932649,c1cc(-c2ccc3[nH]nc(-c4cc(N5CCOCC5)ncn4)c3c2)[nH]n1,2.63,active
CHEMBL3954916,Cc1ccc(-c2ccc3[nH]nc(-c4cc(N5CCOCC5)ncn4)c3c2)cc1,251.1,intermediate
CHEMBL3963291,c1nc(-c2n[nH]c3ccc(-c4cn[nH]c4)cc23)cc(N2CCOCC2)n1,2.3,active
CHEMBL3910233,O=C1C=C(c2ccc3[nH]nc(-c4cc(N5CCOCC5)ncn4)c3c2)CCC1,1.63,active
CHEMBL3946947,Clc1cc(-c2ccc3[nH]nc(-c4cc(N5CCOCC5)ncn4)c3c2)ccn1,266.5,intermediate
CHEMBL3919142,Cc1n[nH]c(C)c1-c1ccc2[nH]nc(-c3cc(N4CCOCC4)ncn3)c2c1,2.58,active
CHEMBL3955660,COc1ccncc1-c1ccc2[nH]nc(-c3cc(N4CCN(S(C)(=O)=O)CC4)ncn3)c2c1,1.58,active
CHEMBL3931569,CC(C)N1CCN(c2cc(-c3n[nH]c4ccc(-c5cccs5)cc34)ncn2)CC1,61.5,active
CHEMBL3967800,CC(C)N1CCN(c2cc(-c3n[nH]c4ccc(-c5ccoc5)cc34)ncn2)CC1,9.03,active
CHEMBL3938243,COc1ccncc1-c1ccc2[nH]nc(-c3cc(N4CCN(C(C)C)CC4)ncn3)c2c1,1.26,active
CHEMBL3915861,CC(C)N1CCN(c2cc(-c3n[nH]c4ccc(-c5cn[nH]c5)cc34)ncn2)CC1,0.96,active
CHEMBL3943811,CC(C)N1CCN(c2cc(-c3n[nH]c4ccc(-c5ccn[nH]5)cc34)ncn2)CC1,2.34,active
CHEMBL3921329,COc1ccncc1-c1ccc2[nH]nc(-c3cc(N4C[C@H](C)O[C@H](C)C4)ncn3)c2c1,0.75,active
CHEMBL3981433,C[C@H]1CN(c2cc(-c3n[nH]c4ccc(-c5cn[nH]c5)cc34)ncn2)C[C@@H](C)O1,1.35,active
CHEMBL3957927,C[C@H]1CN(c2cc(-c3n[nH]c4ccc(-c5ccn[nH]5)cc34)ncn2)C[C@@H](C)O1,1.44,active
CHEMBL4107421,Cc1n[nH]c(C)c1-c1ccc2[nH]nc(-c3cc(N4CCO[C@H](C)C4)ncn3)c2c1,3.2,active
CHEMBL4114275,CC(C)Cc1ccc2[nH]nc(-c3cc(N4CCOCC4)ncn3)c2c1,56.0,active
CHEMBL4060044,c1ccc2c(-c3cc(N4CCOCC4)ncn3)[nH]nc2c1,134.3,intermediate
CHEMBL3979676,COc1cccc(-c2ccnc3[nH]cc(C#N)c23)c1,201.0,intermediate
CHEMBL3912951,Cc1cccc(-c2ccnc3[nH]cc(C#N)c23)c1,195.0,intermediate
CHEMBL3959637,CCc1cccc(-c2ccnc3[nH]cc(C#N)c23)c1,252.0,intermediate
CHEMBL3928607,N#Cc1c[nH]c2nccc(-c3ccsc3)c12,851.0,inactive
CHEMBL3950909,N#Cc1c[nH]c2nccc(-c3ccc(CN4CCOCC4)cc3)c12,1308.0,inactive
CHEMBL3923178,N#Cc1c[nH]c2nccc(-c3ccn(CN4CCOCC4)c3)c12,650.0,inactive
CHEMBL3975772,Cc1cc(-c2ccnc3[nH]cc(C#N)c23)ccc1CN1CCOCC1,78.0,active
CHEMBL3949880,Cc1cc(-c2ccnc3[nH]cc(C#N)c23)ccc1CN(C)C,288.0,intermediate
CHEMBL3967289,CCc1cc(-c2ccnc3[nH]cc(C#N)c23)ccc1CN1CCOCC1,26.0,active
CHEMBL3937634,COc1cc(-c2ccnc3[nH]cc(C#N)c23)ccc1CN1CCOCC1,154.0,intermediate
CHEMBL3896115,N#Cc1c[nH]c2nc(N)cc(-c3ccccc3)c12,240.0,intermediate
CHEMBL3961632,Cc1cccc(-c2cc(N)nc3[nH]cc(C#N)c23)c1,17.0,active
CHEMBL3939513,Cn1ccc(Nc2cc(-c3ccccc3)c3c(C#N)c[nH]c3n2)n1,58.0,active
CHEMBL3969077,Cc1cccc(-c2cc(Nc3ccn(C)n3)nc3[nH]cc(C#N)c23)c1,2.0,active
CHEMBL3980700,Cc1cc(-c2cc(Nc3ccn(C)n3)nc3[nH]cc(C#N)c23)ccc1CN1CCOCC1,1.0,active
CHEMBL3907032,Cn1cc(Nc2cc(-c3ccccc3)c3c(C#N)c[nH]c3n2)cn1,164.0,intermediate
CHEMBL3925092,N#Cc1c[nH]c2nc(Nc3ccccn3)cc(-c3ccccc3)c12,527.0,inactive
CHEMBL3939512,Cc1cncc(-c2cc(Nc3nn(C)cc3C(F)(F)F)nc3[nH]cc(C#N)c23)c1,509.0,inactive
CHEMBL3930527,Cc1ccnc(-c2cc(Nc3nn(C)cc3Cl)nc3[nH]cc(C#N)c23)c1,215.0,intermediate
CHEMBL3961481,Cc1cccc(-c2cc(Nc3nn(C)cc3C)nc3[nH]cc(C#N)c23)n1,50.0,active
CHEMBL3905887,Cc1cccc(-c2cc(Nc3nn(C)cc3C(F)(F)F)nc3[nH]cc(C#N)c23)n1,575.0,inactive
CHEMBL3933899,Cc1cncc(-c2cc(Nc3ccn(C)n3)nc3[nH]cc(C#N)c23)c1,37.0,active
CHEMBL3919862,Cc1cc(-c2cc(Nc3nn(C)cc3C)nc3[nH]cc(C#N)c23)ccn1,108.0,intermediate
CHEMBL4093321,CC1(Oc2ccc3[nH]nc(-c4cc(N5CCN(S(C)(=O)=O)CC5)ncn4)c3c2)CC1,2.2,active
CHEMBL4065697,C[C@@H]1CN(c2cc(-c3n[nH]c4ccc(OC5(C)CC5)cc34)ncn2)CCO1,2.0,active
CHEMBL4082856,C[C@H]1CN(c2cc(-c3n[nH]c4ccc(OC5(C)CC5)cc34)ncn2)CCO1,5.8,active
CHEMBL4066983,CC1(Oc2ccc3[nH]nc(-c4cc(N5CCOCC5)ncn4)c3c2)CC1,1.9,active
CHEMBL4075195,CC(C)Oc1ccc2[nH]nc(-c3ccnc(N4CCC(n5cnnc5)CC4)c3)c2c1,4.4,active
CHEMBL4103352,CC(C)Oc1ccc2[nH]nc(-c3ccnc(N4C[C@@H](F)[C@H](F)C4)c3)c2c1,6.6,active
CHEMBL4075961,CC(C)Oc1ccc2[nH]nc(-c3ccnc(N4CCN(C)C(=O)C4)c3)c2c1,2.6,active
CHEMBL4065525,CC(C)Oc1ccc2[nH]nc(-c3ccnc(N4CCN(S(C)(=O)=O)CC4)c3)c2c1,2.7,active
CHEMBL4093185,CC(C)Oc1ccc2[nH]nc(-c3ccnc(N4CCN(C)CC4)c3)c2c1,0.8,active
CHEMBL4074145,c1cc(-c2n[nH]c3ccc(OC4CC4)cc23)cc(N2CCOCC2)n1,41.0,active
CHEMBL4100904,CC(C)Oc1ccc2[nH]nc(-c3ccnc(N4CCOCC4)c3)c2c1,0.7,active
CHEMBL4102839,COc1ccc2[nH]nc(-c3ccnc(N4CCOCC4)c3)c2c1,15.0,active
CHEMBL4078558,O=S(=O)(c1ccc2[nH]nc(-c3ccnc(N4CCOCC4)c3)c2c1)C1CC1,18.0,active
CHEMBL4090725,N#Cc1ccc2[nH]nc(-c3ccnc(N4CCOCC4)c3)c2c1,64.0,active
CHEMBL4062772,c1cc(-c2n[nH]c3ccc(C4CC4)cc23)cc(N2CCOCC2)n1,13.0,active
CHEMBL4098447,Cn1cc(-c2ccc3[nH]nc(-c4ccnc(N5CCOCC5)c4)c3c2)cn1,0.6,active
CHEMBL4071415,c1cnnc(-c2ccc3[nH]nc(-c4ccnc(N5CCOCC5)c4)c3c2)c1,6.4,active
CHEMBL4081949,c1ccc2c(-c3cncc(N4CCOCC4)c3)n[nH]c2c1,256.0,intermediate
CHEMBL4068699,c1ccc2c(-c3ccnc(N4CCOCC4)c3)n[nH]c2c1,12.0,active
CHEMBL4089811,COCCNc1cc(-c2n[nH]c3ccccc23)ccn1,98.0,active
CHEMBL4078985,c1ccc(-c2n[nH]c3ccccc23)nc1,6186.0,inactive
CHEMBL4103247,c1cncc(-c2n[nH]c3ccccc23)c1,1231.0,inactive
CHEMBL1234032,c1ccc2c(-c3ccncc3)n[nH]c2c1,904.0,inactive
CHEMBL4098877,C[C@H]1CN(c2cc(-c3n[nH]c4ccc(OC5(C)CC5)cc34)ncn2)C[C@@H](C)O1,0.76,active
CHEMBL4060479,Nc1cc(-c2n[nH]c3ccc(Nc4ccccc4)cc23)ccn1,728.0,inactive
CHEMBL4071886,CN(c1cccc(S(C)(=O)=O)c1)c1ccc2[nH]nc(-c3ccncc3)c2c1,44.0,active
CHEMBL4064135,NC(=O)c1ccc(Nc2nc(N3CCOCC3)c3ccccc3n2)cc1,633.0,inactive
CHEMBL4091885,CN(C)S(=O)(=O)c1ccc(C(=O)Nc2nc3ccccc3n2-c2ccccc2)o1,10000.0,inactive
CHEMBL4072721,CCn1c(NC(=O)c2ccnc(-n3ccnc3)c2)nc2ccccc21,274.0,intermediate
CHEMBL4099618,CCOc1ccc(Nc2nc(N3CCOCC3)c3nc[nH]c3n2)cc1,355.0,inactive
CHEMBL4094362,COc1cccc(Nc2nc(NCCO)c3nc[nH]c3n2)c1,48.0,active
CHEMBL4093670,Cc1ncc(/C=C2\C(=O)Nc3ccc(OC(C)C)cc32)[nH]1,1.2,active
CHEMBL4067104,Clc1c[nH]c2ncc(-c3cncc(N4CCOCC4)n3)cc12,500.0,inactive
CHEMBL3800405,C[C@H]1CNC(=O)c2c(SCC3CC3)sc(-c3cc[nH]n3)c21,31.0,active
CHEMBL3651766,c1cc(-c2n[nH]c3ccnc(OC4CCOCC4)c23)cc(N2CCCC2)n1,3.0,active
CHEMBL2171735,Cc1ccccc1Nc1nc2ccc(-c3cc(C)c(O)c(C)c3)cn2n1,10.0,active
CHEMBL4068861,N#Cc1c[nH]c2nccc(-c3cccc(O)c3)c12,487.0,inactive
CHEMBL4075970,N#Cc1c[nH]c2ncccc12,101080.0,inactive
CHEMBL4077186,N#Cc1c[nH]c2nccc(-c3ccccc3)c12,954.0,inactive
CHEMBL4092537,N#Cc1c[nH]c2nccc(-c3ccccc3Cl)c12,7531.0,inactive
CHEMBL4088961,N#Cc1c[nH]c2nccc(-c3cccc(Cl)c3)c12,784.0,inactive
CHEMBL4076248,Cc1ccccc1-c1ccnc2[nH]cc(C#N)c12,26163.0,inactive
CHEMBL4075407,Cc1ccc(-c2ccnc3[nH]cc(C#N)c23)cc1,4135.0,inactive
CHEMBL4065198,Cc1ccnc(-c2cc(Nc3ccn(C)n3)nc3[nH]cc(C#N)c23)c1,205.0,intermediate
CHEMBL4063115,Cc1cc(-c2cc(Nc3ccn(C)n3)nc3[nH]cc(C#N)c23)ccn1,102.0,intermediate
CHEMBL4084769,Cc1cccc(-c2cc(Nc3ccn(C)n3)nc3[nH]cc(C#N)c23)n1,28.0,active
CHEMBL4101218,Cc1cncc(-c2cc(Nc3nn(C)cc3C)nc3[nH]cc(C#N)c23)c1,43.0,active
CHEMBL4100265,Cc1cncc(-c2cc(Nc3nn(C)cc3Cl)nc3[nH]cc(C#N)c23)c1,67.0,active
CHEMBL4077034,Cc1cc(-c2cc(Nc3nn(C)cc3Cl)nc3[nH]cc(C#N)c23)ccn1,180.0,intermediate
CHEMBL4092521,Cc1cccc(-c2cc(Nc3nn(C)cc3Cl)nc3[nH]cc(C#N)c23)n1,44.0,active
CHEMBL4060616,N#Cc1c[nH]c2nccc(Cl)c12,37765.0,inactive
CHEMBL4066167,N#Cc1c[nH]c2nccc(-c3ccc(Cl)cc3)c12,1983.0,inactive
CHEMBL4060747,Cc1ccc(-c2cnc(N)c(-c3nnc(C4CC4)o3)c2)cc1,2300.0,inactive
CHEMBL4092594,CCn1cc(-c2cc(-c3ccc(C)cc3)cnc2N)cn1,12000.0,inactive
CHEMBL4095694,Cc1ccc(-c2cnc(N)c(-c3cnc(C)o3)c2)cc1,24000.0,inactive
CHEMBL4104344,Cc1ccc(-c2cnc(N)c(-c3cnn(C)c3)c2)cc1,16000.0,inactive
CHEMBL4069384,Cc1ccc(-c2cnc(N)c(-n3cc(C)nn3)c2)cc1,9100.0,inactive
CHEMBL4096615,Cc1ccc(-c2cnc(N)c(-c3cn[nH]c3)c2)cc1,13000.0,inactive
CHEMBL4064894,Cc1ccc(-c2cnc(N)c(-c3cn(C)cn3)c2)cc1,57000.0,inactive
CHEMBL4100328,Cn1cc(-c2cc(-c3ccc4[nH]ccc4c3)cnc2N)cn1,13000.0,inactive
CHEMBL4103716,Cc1nnc(-c2cc(-c3ccc4[nH]ccc4c3)cnc2N)o1,3600.0,inactive
CHEMBL4091112,CCc1nnc(-c2cc(-c3ccc4[nH]ccc4c3)cnc2N)o1,2900.0,inactive
CHEMBL4098856,Cn1cc(-c2cc(-c3ccc4c(ccn4C)c3)cnc2N)cn1,5800.0,inactive
CHEMBL4088336,O=C(Nc1cccnc1)c1cc(Br)ccc1OCc1ccccc1Cl,100.0,active
CHEMBL4068065,O=C(Nc1cccnc1)c1cc(Br)ccc1OCc1ccccc1F,7.943,active
CHEMBL4062430,O=C(Nc1cccnc1)c1cc(Br)ccc1OCc1cccc(F)c1,15.85,active
CHEMBL4100294,O=C(Nc1cccnc1)c1cc(Br)ccc1OCc1ccc(F)cc1,7.943,active
CHEMBL4068792,COc1ccc(COc2ccc(Br)cc2C(=O)Nc2cccnc2)cc1,39.81,active
CHEMBL4103192,N#Cc1ccc(COc2ccc(Br)cc2C(=O)Nc2cccnc2)cc1,63.1,active
CHEMBL4084470,O=C(Nc1cccnc1)c1cc(Br)ccc1OCc1ccccc1,12.59,active
CHEMBL4073840,O=C(Nc1cccnc1)c1cc(Br)ccc1OCc1ccc(F)c(F)c1,19.95,active
CHEMBL4094423,CC(Oc1ccc(Br)cc1C(=O)Nc1cccnc1)c1ccccc1,39.81,active
CHEMBL4065244,O=C(Nc1ccnnc1)c1cc(Br)ccc1OCc1ccccc1,19.95,active
CHEMBL4086683,O=C(Nc1cccnn1)c1cc(Br)ccc1OCc1ccccc1,50.12,active
CHEMBL4090116,O=C(Nc1cnccn1)c1cc(Br)ccc1OCc1ccccc1,1995.26,inactive
CHEMBL4078829,O=C(Nc1cncnc1)c1cc(Br)ccc1OCc1ccccc1,25118.86,inactive
CHEMBL4075367,O=C(Nc1cncc(Cl)c1)c1cc(Br)ccc1OCc1ccccc1,25118.86,inactive
CHEMBL4059881,Cc1cccc(NC(=O)c2cc(Br)ccc2OCc2ccccc2)c1,63.1,active
CHEMBL4076463,O=C(Nc1cccc(F)c1)c1cc(Br)ccc1OCc1ccccc1,251.19,intermediate
CHEMBL4083585,O=C(Nc1cccc(Cl)c1)c1cc(Br)ccc1OCc1ccccc1,25.12,active
CHEMBL4105171,COc1cccc(NC(=O)c2cc(Br)ccc2OCc2ccccc2)c1,125.89,intermediate
CHEMBL4087313,CN(C)c1cccc(NC(=O)c2cc(Br)ccc2OCc2ccccc2)c1,15848.93,inactive
CHEMBL4097465,O=C(Nc1ncco1)c1cc(Br)ccc1OCc1ccccc1,2511.89,inactive
CHEMBL4079429,O=C(NC1CCCCC1)c1cc(Br)ccc1OCc1ccccc1,25118.86,inactive
CHEMBL4089737,O=C(Nc1cccnc1)c1cc(F)ccc1OCc1ccccc1,39.81,active
CHEMBL4067228,O=C(Nc1cccnc1)c1cc(Cl)ccc1OCc1ccccc1,15.85,active
CHEMBL4082330,Cc1ccc(OCc2ccccc2)c(C(=O)Nc2cccnc2)c1,12.59,active
CHEMBL4071631,Cn1cc(-c2ccc(OCc3ccc(F)cc3)c(C(=O)Nc3cccnc3)c2)cn1,10.0,active
CHEMBL4098650,Cn1cc(-c2ccc(OCc3ccccc3)c(C(=O)Nc3cccnc3)c2)cn1,7.943,active
CHEMBL4063006,Cn1nccc1-c1ccc(OCc2ccccc2)c(C(=O)Nc2cccnc2)c1,12.59,active
CHEMBL4101126,O=C(Nc1cccnc1)c1cc(-c2ccncc2)ccc1OCc1ccccc1,10.0,active
CHEMBL4083136,CN(C)S(=O)(=O)c1ccc(OCc2ccccc2)c(C(=O)Nc2cccnc2)c1,1258.93,inactive
CHEMBL4070845,CN(C)C(=O)c1ccc(OCc2ccccc2)c(C(=O)Nc2cccnc2)c1,199.53,intermediate
CHEMBL4077195,O=C(Nc1cccnc1)c1cc(C(F)(F)F)ccc1OCc1ccc(F)cc1,19.95,active
CHEMBL4066777,COc1ccc(OCc2ccccc2)c(C(=O)Nc2cccnc2)c1,15.85,active
CHEMBL4072195,O=C(Nc1cccnc1)c1cc(-c2cn[nH]c2)ccc1OCc1ccc(F)cc1,10.0,active
CHEMBL4206831,CCC(=O)Nc1ccc(C(=O)Nc2ccc(Nc3ncc4c(n3)N(C)c3ccc(C)cc3C(=O)N4C)cc2)cc1,714.0,inactive
CHEMBL3969370,C=CC(=O)Nc1ccc(C(=O)Nc2ccc(Nc3ncc4c(n3)N(C)c3ccc(C)cc3C(=O)N4C)cc2)cc1,754.0,inactive
CHEMBL378695,COc1ccc(/N=C2\C(=O)Nc3ccccc32)cc1,2170.0,inactive
CHEMBL227491,O=C1Nc2ccccc2/C1=N/c1ccccc1,3650.0,inactive
CHEMBL4203202,O=C1Nc2ccccc2C1=Nc1ccccc1F,2340.0,inactive
CHEMBL1434292,O=C1Nc2ccccc2C1=Nc1ccc(F)cc1,3180.0,inactive
CHEMBL4202671,N#Cc1ccc(N=C2C(=O)Nc3ccccc32)cc1,15400.0,inactive
CHEMBL570013,O=C1Nc2ccccc2/C1=N/c1ccc([N+](=O)[O-])cc1,7270.0,inactive
CHEMBL4207019,CN(C)c1ccc(N=C2C(=O)Nc3ccccc32)cc1,3790.0,inactive
CHEMBL4218856,O=C1Nc2ccccc2C1=NN(c1ccccc1)c1ccccc1,110.0,intermediate
CHEMBL4217734,O=C1Nc2ccccc2C1=NN1CCCCC1,1340.0,inactive
CHEMBL1311313,O=C1Nc2ccccc2C1=NN1CCOCC1,1700.0,inactive
CHEMBL4205499,O=C1Nc2ccccc2C1=NN(Cc1ccccc1)c1ccccc1,3830.0,inactive
CHEMBL4204060,CN1C(=O)C(=NN(c2ccccc2)c2ccccc2)c2ccccc21,5760.0,inactive
CHEMBL4208935,O=C1C(=NN(c2ccccc2)c2ccccc2)c2ccccc2N1Cc1ccccc1,6980.0,inactive
CHEMBL4204350,O=C1Nc2ccc(Cl)cc2C1=NN(c1ccccc1)c1ccccc1,10.0,active
CHEMBL4204860,O=C1Nc2ccc(F)cc2C1=NN(c1ccccc1)c1ccccc1,20.0,active
CHEMBL4218001,O=C1Nc2ccc(Br)cc2C1=NN(c1ccccc1)c1ccccc1,20.0,active
CHEMBL4213079,O=C1Nc2ccc(OC(F)(F)F)cc2/C1=N\N(c1ccccc1)c1ccccc1,5350.0,inactive
CHEMBL4211027,COc1ccc2c(c1)/C(=N\N(c1ccccc1)c1ccccc1)C(=O)N2,130.0,intermediate
CHEMBL4206138,O=C1Nc2ccc(Cl)cc2C1=NN1CCCCC1,280.0,intermediate
CHEMBL4206654,O=C1Nc2ccc(F)cc2C1=NN1CCCCC1,1500.0,inactive
CHEMBL4203258,O=C1Nc2ccc(Br)cc2C1=NN1CCCCC1,490.0,inactive
CHEMBL4214911,COc1ccc2c(c1)C(=NN1CCCCC1)C(=O)N2,760.0,inactive
CHEMBL4215437,O=C1Nc2ccc(Cl)cc2C1=NN1CCOCC1,1200.0,inactive
CHEMBL4210498,O=C1Nc2ccc(F)cc2C1=NN1CCOCC1,3650.0,inactive
CHEMBL4207078,O=C1Nc2ccc(Br)cc2C1=NN1CCOCC1,1330.0,inactive
CHEMBL4214200,O=C1Nc2ccc(OC(F)(F)F)cc2C1=NN1CCOCC1,8740.0,inactive
CHEMBL4202514,COc1ccc2c(c1)C(=NN1CCOCC1)C(=O)N2,6020.0,inactive
CHEMBL4216488,O=C1Nc2ccc(I)cc2C1=NN1CCOCC1,550.0,inactive
CHEMBL3924132,CCOc1cc(-c2nncn2C)ccc1Nc1ncc2cc(C)nc(NCC(C)(C)C)c2n1,48.0,active
CHEMBL4291402,COc1cccc(OCc2cc(C)ccn2)c1-c1ccc2c(c1)CCNCC2,3981.07,inactive
CHEMBL4439395,O=C(Cc1ccc(-c2ccccc2)cc1)Nc1cc(C2CCC2)[nH]n1,10000.0,inactive
CHEMBL4527314,FC(F)(F)c1cc(-c2n[nH]c3ccnc(NC4CCOCC4)c23)ncn1,24.0,active
CHEMBL4435096,c1ccc(-c2n[nH]c3ccnc(NC4CCOCC4)c23)nc1,41.0,active
CHEMBL4539170,CCc1cc(-c2n[nH]c3ccnc(NC4CCOCC4)c23)nn1C,4.5,active
CHEMBL4441650,CC(C)n1cc(-c2n[nH]c3ccnc(NC4CCOCC4)c23)nn1,49.0,active
CHEMBL3651804,CC(C)c1nc(-c2n[nH]c3ccnc(NC4CCOCC4)c23)n[nH]1,35.0,active
CHEMBL4592487,CC(C)(O)Cn1cc(-c2n[nH]c3ccnc(OC4CCOCC4)c23)cn1,13.0,active
CHEMBL4460272,c1cc(-c2n[nH]c3ccnc(OC4CCOCC4)c23)cc(N2CCOCC2)n1,24.0,active
CHEMBL3651732,c1cc(-c2n[nH]c3ccnc(NC4CCOCC4)c23)cc(N2CCOCC2)n1,135.0,intermediate
CHEMBL4542888,Cc1n[nH]c2ccnc(OC3CCOCC3)c12,301.0,inactive
CHEMBL3651817,Cc1[nH]nc2ccnc(NC3CCOCC3)c12,426.0,inactive
CHEMBL4440433,Cc1n[nH]c2ccnc(NC3CCCCC3)c12,390.0,inactive
CHEMBL4537851,Cc1n[nH]c2ccnc(N3CCOCC3)c12,3000.0,inactive
CHEMBL4578462,Cc1n[nH]c2ccnc(Nc3cnn(C)c3)c12,830.0,inactive
CHEMBL4567108,Cc1n[nH]c2ccnc(Nc3cccnc3)c12,10000.0,inactive
CHEMBL4449552,Cc1n[nH]c2ccnc(Nc3ccccc3F)c12,150.0,intermediate
CHEMBL4566553,Cc1ccc(Nc2nccc3[nH]nc(C)c23)cc1,97.0,active
CHEMBL4589029,Cc1n[nH]c2ccnc(Nc3ccc(Cl)cc3)c12,390.0,inactive
CHEMBL4536900,Cc1n[nH]c2ccnc(NCc3ccc(Cl)cc3)c12,4900.0,inactive
CHEMBL4446540,Cc1n[nH]c2ccnc(N(C)C3CCCCC3)c12,1600.0,inactive
CHEMBL4471414,Cc1n[nH]c2ccnc(NC3CCCC3)c12,410.0,inactive
CHEMBL4590484,Cc1n[nH]c2ccnc(NC3CCC3)c12,530.0,inactive
CHEMBL4439028,Cc1n[nH]c2ccnc(NC3CC3)c12,4700.0,inactive
CHEMBL4462258,Cc1n[nH]c2ccnc(NC(C)C)c12,880.0,inactive
CHEMBL4453650,Cc1n[nH]c2ccnc(NCC3CC3)c12,2400.0,inactive
CHEMBL4565959,CC[C@H](C)Nc1nccc2[nH]nc(C)c12,300.0,inactive
CHEMBL4524629,Cc1n[nH]c2ccnc(OC3CCCCC3)c12,67.0,active
CHEMBL4585168,Cc1n[nH]c2ccnc(OC3CCN(C)CC3)c12,1900.0,inactive
CHEMBL4552576,CCOc1nccc2[nH]nc(C)c12,440.0,inactive
CHEMBL4574890,Cc1n[nH]c2ccnc(OC(C)C)c12,68.0,active
CHEMBL2152709,Cc1[nH]nc2ccnc(OC3CCCC3)c12,86.0,active
CHEMBL4581712,Cc1n[nH]c2ccnc(OC3CCC3)c12,170.0,intermediate
CHEMBL4465944,Cc1n[nH]c2ccnc(O[C@@H]3CCOC3)c12,250.0,intermediate
CHEMBL4560505,Cn1cc(-c2n[nH]c3ccnc(NC4CCCCC4)c23)cn1,130.0,intermediate
CHEMBL4465653,CC(C)n1cc(-c2n[nH]c3ccnc(NC4CCCCC4)c23)cn1,110.0,intermediate
CHEMBL4473011,c1cc2[nH]nc(-c3cnn(C4CCCC4)c3)c2c(NC2CCOCC2)n1,170.0,intermediate
CHEMBL4516855,CC(C)Cn1cc(-c2n[nH]c3ccnc(NC4CCOCC4)c23)cn1,410.0,inactive
CHEMBL4444153,CC(C)n1cc(-c2n[nH]c3ccnc(OC4CCCCC4)c23)cn1,2.0,active
CHEMBL4589022,CC(C)n1cc(-c2n[nH]c3ccnc(OC4CCOCC4)c23)cn1,11.0,active
CHEMBL3651739,c1cc2[nH]nc(-c3cnn(C4CCCC4)c3)c2c(OC2CCOCC2)n1,4.0,active
CHEMBL4561299,CC(C)Cn1cc(-c2n[nH]c3ccnc(OC4CCOCC4)c23)cn1,15.0,active
CHEMBL4450837,Cc1nn(C)c2ccnc(NC3CCCCC3)c12,10000.0,inactive
CHEMBL4463940,Cc1noc2ccnc(NC3CCCCC3)c12,10000.0,inactive
CHEMBL4442480,Cc1c[nH]c2ccnc(NC3CCCCC3)c12,10000.0,inactive
CHEMBL4566610,Cc1n[nH]c2cncc(NC3CCCCC3)c12,770.0,inactive
CHEMBL4588446,Cc1n[nH]c2ccnc(Nc3ccc4ncsc4c3)c12,130.0,intermediate
CHEMBL4549553,CCc1nc2cnc3ccc(Cl)cc3c2n1[C@@H]1CCO[C@H](CC#N)C1,8.7,active
CHEMBL4451151,[2H]C([2H])([2H])c1cnc(Cc2nc3cnc4ccc(Cl)cc4c3n2[C@@H]2CCO[C@H](C)C2)cn1,3.21,active
CHEMBL4562596,N#Cc1ccc2ncc3nc(Cc4csnn4)n([C@@H]4CC[C@H](F)C4)c3c2c1,9.73,active
CHEMBL4453844,Cc1nc(Cc2nc3cnc4ccc(C(F)(F)F)cc4c3n2[C@@H]2CCOCC2(F)F)no1,25.7,active
CHEMBL4460909,Cc1cn(Cc2nc3cnc4ccc(Cl)cc4c3n2C2CN(C)CC2(F)F)nn1,3.27,active
CHEMBL4543181,Cc1cnc(Cc2nc3cnc4ccc(C(F)(F)F)cc4c3n2[C@@H]2CCO[C@H](C)C2)cn1,6.47,active
CHEMBL4444592,Cc1cnc(Cc2nc3cnc4ccc(C#N)cc4c3n2C2CN(C)CC2(F)F)cn1,4.12,active
CHEMBL4466740,C[C@@H]1C[C@H](n2c(Cc3cn(C)nn3)nc3cnc4ccc(C(F)(F)F)cc4c32)CCO1,11.8,active
CHEMBL4521173,Cc1cc(Cc2nc3cnc4ccc(C#N)cc4c3n2[C@@H]2CCN(C)C2)ncn1,6.39,active
CHEMBL4435423,Cc1cnn(Cc2nc3cnc4ccc(C#N)cc4c3n2C2CN(C)CC2(F)F)n1,17.6,active
CHEMBL4439241,CCc1nc2cnc3ccc(Cl)cc3c2n1[C@H]1CCO[C@@H](CC#N)C1,1530.0,inactive
CHEMBL4546504,C[C@@H](Oc1cc(C(=O)N(C)C)ccc1Nc1nc(O[C@H]2CC[C@@](C)(O)CC2)c2c(Cl)c[nH]c2n1)C(F)(F)F,0.001,active
CHEMBL4448579,COCCN1CCN(c2ccc(OCc3ccccc3)c(C(=O)Nc3ccnnc3)c2)CC1,398.11,inactive
CHEMBL4457647,O=C(Nc1ccnnc1)c1cc(N2CCOCC2)ccc1OCc1ccccc1,158.49,intermediate
CHEMBL4547658,COCCN1CCC(c2ccc(OCc3ccccc3)c(C(=O)Nc3ccnnc3)c2)CC1,63.1,active
CHEMBL4483571,CN1CCC(c2ccc(OCc3ccccc3)c(C(=O)Nc3ccnnc3)c2)CC1,19.95,active
CHEMBL4592565,CN1CC2(CCN(c3ccc(OCc4ccccc4)c(C(=O)Nc4ccnnc4)c3)CC2)C1,63.1,active
CHEMBL4532879,CN1CC2(C1)CN(c1ccc(OCc3ccccc3)c(C(=O)Nc3ccnnc3)c1)C2,25.12,active
CHEMBL4521733,O=C(Nc1ccnnc1)c1cc(N2C[C@H]3COC[C@H]3C2)ccc1OCc1ccccc1,50.12,active
CHEMBL4435935,CN1CCN(c2ccc(OCc3ccccc3)c(C(=O)Nc3ccnnc3)c2)CC1,12.59,active
CHEMBL4536811,O=C(Nc1ccnnc1)c1cc(N2CCNCC2)ccc1OCc1ccccc1,15.85,active
CHEMBL4585874,C[C@H]1CN(c2ccc(OCc3ccccc3)c(C(=O)Nc3ccnnc3)c2)C[C@@H](C)O1,19.95,active
CHEMBL4436378,C[C@@H]1COCCN1c1ccc(OCc2ccccc2)c(C(=O)Nc2ccnnc2)c1,19.95,active
CHEMBL4514819,N#CC1CCN(c2ccc(OCc3ccccc3)c(C(=O)Nc3ccnnc3)c2)CC1,10.0,active
CHEMBL4581507,O=C(Nc1ccnnc1)c1cc(N2CCC(CO)CC2)ccc1OCc1ccccc1,19.95,active
CHEMBL4443438,O=C(Nc1ccnnc1)c1cc(N2CCC(O)CC2)ccc1OCc1ccccc1,39.81,active
CHEMBL4549792,O=C(Nc1ccnnc1)c1cc(N2CCC(F)CC2)ccc1OCc1ccccc1,39.81,active
CHEMBL4440271,O=C(Nc1ccnnc1)c1cc(N2CCCCC2)ccc1OCc1ccccc1,25.12,active
CHEMBL4443245,O=C(Nc1ccnnc1)c1cc(N2CCCC2)ccc1OCc1ccccc1,19.95,active
CHEMBL4450254,O=C(Nc1ccnnc1)c1cc(N2CC(F)(F)C2)ccc1OCc1ccccc1,12.59,active
CHEMBL4467262,O=C(Nc1ccnnc1)c1cc(N2CC(F)C2)ccc1OCc1ccccc1,25.12,active
CHEMBL4576899,O=C(Nc1ccnnc1)c1cc(C(F)(F)F)ccc1OCc1ccccc1,15.85,active
CHEMBL4560969,N#Cc1cccc(NC(=O)c2cc(C(F)(F)F)ccc2OCc2ccc(F)cc2)c1,7.943,active
CHEMBL4452797,O=C(Nc1cccc(F)c1)c1cc(C(F)(F)F)ccc1OCc1ccc(F)cc1,31.62,active
CHEMBL4445334,O=C(Nc1cccc(Cl)c1)c1cc(C(F)(F)F)ccc1OCc1ccccc1,25.12,active
CHEMBL4582595,O=C(Nc1cccc(Cl)c1)c1cc(C(F)(F)F)ccc1OCc1ccc(F)cc1,12.59,active
CHEMBL4465007,O=C(Nc1cccnc1)c1cc(C(F)(F)F)ccc1OCc1ccccc1,12.59,active
CHEMBL4438748,CN(C)c1ccc(C(=O)Nc2cccc(NC(=O)COc3ccc4c(=O)ccoc4c3)c2)cc1,10000.0,inactive
CHEMBL4474208,CS(=O)(=O)Nc1cc(-c2ccncc2)cnc1Cl,10000.0,inactive
CHEMBL4565316,O=C(Nc1nc2ccccc2s1)c1ccc(N2CCOCC2)cc1,700.0,inactive
CHEMBL4527232,COc1ccc2nc(NC(=O)c3ccc(N4CCOCC4)cc3)sc2c1,370.0,inactive
CHEMBL4450247,O=C(Nc1nc2ccc(C(F)(F)F)cc2s1)c1ccc(N2CCOCC2)cc1,2270.0,inactive
CHEMBL4445322,Cc1ccc2nc(NC(=O)c3ccc(N4CCOCC4)cc3)sc2c1,480.0,inactive
CHEMBL4437566,O=C(Nc1nc2ccc(Cl)cc2s1)c1ccc(N2CCOCC2)cc1,370.0,inactive
CHEMBL4473326,O=C(Nc1nc2ccc(F)cc2s1)c1ccc(N2CCOCC2)cc1,170.0,intermediate
CHEMBL4455001,CCOc1ccc2nc(NC(=O)c3ccc(N4CCOCC4)cc3)sc2c1,300.0,inactive
CHEMBL4452771,O=C(Nc1nc2ccc(Br)cc2s1)c1ccc(N2CCOCC2)cc1,510.0,inactive
CHEMBL4543902,CCCOc1ccc2nc(NC(=O)c3ccc(N4CCOCC4)cc3)sc2c1,3490.0,inactive
CHEMBL4454874,CC(C)c1ccc2nc(NC(=O)c3ccc(N4CCOCC4)cc3)sc2c1,2500.0,inactive
CHEMBL212590,O=C(Nc1nc2ccc(F)cc2s1)c1ccccc1,520.0,inactive
CHEMBL4553487,O=C(Nc1nc2ccc(F)cc2s1)c1ccc(Cl)cc1,4460.0,inactive
CHEMBL4442441,Cc1cc(-c2ccc3nc(Nc4ccccc4)nn3c2)cc(C)c1O,20.0,active
CHEMBL4436576,Cc1ccc(-c2cc3nccnc3c(NCCCCN)n2)cc1,1258.93,inactive
CHEMBL4466696,Cn1cc(-c2cc3nccnc3c(NC[C@@H]3CNCCO3)n2)cn1,251.19,intermediate
CHEMBL4579292,N#CC1(c2ccc3cnn(-c4cc(N5CC[C@@H](O)[C@@H](F)C5)ncn4)c3c2)CC2(CC2)C1,4.4,active
CHEMBL4553532,CC(C)(O)[C@@H]1CCN(c2cc(-n3ncc4ccc(C5(C#N)CC6(CC6)C5)cc43)ncn2)C1,0.9,active
CHEMBL4450014,C[C@H]1CN(c2cc(-n3ncc4ccc(C5(C#N)CC6(CC6)C5)cc43)ncn2)CCN1C1COC1,1.0,active
CHEMBL4562534,CC(C)(O)C1CN(c2cc(-n3ncc4ccc(C5(C#N)CC6(CC6)C5)cc43)ncn2)C1,2.6,active
CHEMBL4559776,CC1(O)CC2(CN(c3cc(-n4ncc5ccc(C6(C#N)CC7(CC7)C6)cc54)ncn3)C2)C1,1.0,active
CHEMBL4442821,Cc1nc(N2CCN3CCOC[C@@H]3C2)cc(-n2ncc3cnc(C4(C#N)CC5(CC5)C4)cc32)n1,20.2,active
CHEMBL4561692,COc1ncc(-c2cc3c(c(NC(=O)CN4CCOCC4)c2)COC3)cc1NS(C)(=O)=O,10000.0,inactive
CHEMBL4569508,O=C(NCC(F)(F)F)c1cc(-c2cnn3cc(-c4ccc(OCCN5CCCCC5)cc4)cnc23)cs1,14.0,active
CHEMBL4550702,Cn1cc(-c2cnc3c(-c4csc(C(=O)NCC(F)(F)F)c4)cnn3c2)cn1,10.0,active
CHEMBL4568087,Cn1cc(-c2cnc3c(-c4csc(C(=O)N[C@@H]5CCCC[C@@H]5N)c4)cnn3c2)cn1,3.1,active
CHEMBL4552628,Cc1sc(C(=O)N[C@@H]2[C@H](N)CCCC2(F)F)cc1-c1cnn2cc(Cl)cnc12,62.0,active
CHEMBL4634634,C[C@@H]1C[C@H]1C(=O)N1CCN(c2cnc(C#N)c(-c3cnn(C)c3)n2)C[C@H]1C,100000.0,inactive
CHEMBL1673039,COc1cc(N2CCN(C)CC2)ccc1Nc1ncc2c(n1)N(C)c1ccccc1C(=O)N2C,29.0,active
CHEMBL1673041,COc1cc(N2CCOCC2)ccc1Nc1ncc2c(n1)N(C)c1ccccc1C(=O)N2C,31.0,active
CHEMBL1673042,COc1cc(N2CCNCC2)ccc1Nc1ncc2c(n1)N(C)c1ccccc1C(=O)N2C,23.0,active
CHEMBL4648454,COc1cc(N2CCN(C3CCN(C)CC3)CC2)ccc1Nc1ncc2c(n1)N(C)c1ccccc1C(=O)N2C,16.0,active
CHEMBL4649424,CN1C(=O)c2ccccc2N(C)c2nc(Nc3ccc(N4CCC(O)CC4)cc3)ncc21,30.0,active
CHEMBL4634025,Cc1cc(N2CCC(O)CC2)ccc1Nc1ncc2c(n1)N(C)c1ccccc1C(=O)N2C,35.0,active
CHEMBL1673040,COc1cc(N2CCC(O)CC2)ccc1Nc1ncc2c(n1)N(C)c1ccccc1C(=O)N2C,14.1,active
CHEMBL1673046,CCOc1cc(N2CCC(O)CC2)ccc1Nc1ncc2c(n1)N(C)c1ccccc1C(=O)N2C,46.0,active
CHEMBL4632948,CC(C)Oc1cc(N2CCC(O)CC2)ccc1Nc1ncc2c(n1)N(C)c1ccccc1C(=O)N2C,160.0,intermediate
CHEMBL4636475,COc1cc(NS(C)(=O)=O)ccc1Nc1ncc2c(n1)N(C)c1ccccc1C(=O)N2C,5.9,active
CHEMBL1673047,CN1C(=O)c2ccccc2N(C)c2nc(Nc3ccc(S(N)(=O)=O)cc3)ncc21,7.0,active
CHEMBL3904942,CN1C(=O)c2ccccc2N(C)c2nc(Nc3cccc(S(N)(=O)=O)c3)ncc21,6.1,active
CHEMBL4647792,COc1cc(C(=O)N2CCN(C3CCN(C)CC3)CC2)ccc1Nc1ncc2c(n1)N(C)c1ccccc1C(=O)N2C,5.0,active
CHEMBL1673048,COc1cc(C(=O)NC2CCN(C)CC2)ccc1Nc1ncc2c(n1)N(C)c1ccccc1C(=O)N2C,8.2,active
CHEMBL2381340,CCOc1cc(C(=O)N2CCC(N3CCN(C)CC3)CC2)ccc1Nc1ncc2c(n1)N(C1CCCC1)c1ccccc1C(=O)N2C,171.0,intermediate
CHEMBL1673051,CCN1c2ccccc2C(=O)N(C)c2cnc(Nc3ccc(N4CCN(C)CC4)cc3OC)nc21,57.0,active
CHEMBL1673052,COc1cc(N2CCN(C)CC2)ccc1Nc1ncc2c(n1)N(C(C)C)c1ccccc1C(=O)N2C,289.0,intermediate
CHEMBL4648947,CCC(C)N1c2ccccc2C(=O)N(C)c2cnc(Nc3ccc(N4CCN(C)CC4)cc3OC)nc21,743.0,inactive
CHEMBL4636072,COc1cc(N2CCN(C)CC2)ccc1Nc1ncc2c(n1)N(C1CCC1)c1ccccc1C(=O)N2C,97.0,active
CHEMBL1673053,COc1cc(N2CCN(C)CC2)ccc1Nc1ncc2c(n1)N(C1CCCC1)c1ccccc1C(=O)N2C,421.0,inactive
CHEMBL4645267,COc1cc(N2CCN(C)CC2)ccc1Nc1ncc2c(n1)N(Cc1ccccc1)c1ccccc1C(=O)N2C,141.0,intermediate
CHEMBL4638880,COc1cc(N2CCN(C)CC2)ccc1Nc1nc(C)c2c(n1)N(C)c1ccccc1C(=O)N2C,501.0,inactive
CHEMBL1673054,COc1cc(N2CCN(C)CC2)ccc1Nc1ncc2c(n1)N(C)c1ccc(C)cc1C(=O)N2C,928.0,inactive
CHEMBL1673056,COc1cc(N2CCN(C)CC2)ccc1Nc1ncc2c(n1)N(C)c1ccc(Cl)cc1C(=O)N2C,1330.0,inactive
CHEMBL1673057,COc1cc(N2CCN(C)CC2)ccc1Nc1ncc2c(n1)N(C)c1cc(Cl)ccc1C(=O)N2C,3740.0,inactive
CHEMBL1672987,COc1cc(N2CCN(C)CC2)ccc1Nc1ncc2c(n1)N(C)c1ccccc1C(=O)N2,70.0,active
CHEMBL4634326,CCN1C(=O)c2ccccc2N(C)c2nc(Nc3ccc(N4CCN(C)CC4)cc3OC)ncc21,62.0,active
CHEMBL4639395,COc1cc(N2CCN(C)CC2)ccc1Nc1ncc2c(n1)N(C)c1ccccc1C(=O)N2CC(F)(F)F,7000.0,inactive
CHEMBL4649318,COc1cc(N2CCN(C)CC2)ccc1Nc1ncc2c(n1)N(C)c1ccccc1C(=O)N2C(C)C,1900.0,inactive
CHEMBL4643632,CCN1C(=O)c2ccccc2N(C)c2nc(Nc3ccc(C(=O)NC4CCN(C)CC4)cc3OC)ncc21,14.0,active
CHEMBL4640016,COc1cc(C(=O)NC2CCN(C)CC2)ccc1Nc1ncc2c(n1)N(C)c1ccccc1C(=O)N2CC(F)(F)F,378.0,inactive
CHEMBL4646882,COc1cc(C(=O)NC2CCN(C)CC2)ccc1Nc1ncc2c(n1)N(C)c1ccccc1C(=O)N2C(C)C,331.0,inactive
CHEMBL4644273,CCN1C(=O)c2ccccc2N(C)c2nc(Nc3ccc(NS(C)(=O)=O)cc3OC)ncc21,23.0,active
CHEMBL4641263,COc1cc(NS(C)(=O)=O)ccc1Nc1ncc2c(n1)N(C)c1ccccc1C(=O)N2CC(F)(F)F,8894.0,inactive
CHEMBL4635720,COc1cc(NS(C)(=O)=O)ccc1Nc1ncc2c(n1)N(C)c1ccccc1C(=O)N2C(C)C,683.0,inactive
CHEMBL4645565,CC(O)(C#Cc1ccc(N2CCOCC2)c(Nc2ncnc3[nH]ccc23)c1)c1nccs1,94.6,active
CHEMBL4560589,C[C@H]1CN(c2cc(-c3nn(C)c4ccc(OC5(C)CC5)cc34)ncn2)C[C@@H](C)O1,6480.0,inactive
CHEMBL4097778,CN1C(=O)[C@@H](N2CCc3cn(CC4CCS(=O)(=O)CC4)nc3C2=O)COc2ccccc21,1000.0,inactive
